entry_date,entry_price,entry_index,gross_return,holding_days,market_returns,exit_date,exit_price,exit_index,transaction_cost,slippage,net_return,winner,year
2024-01-08,,4,-0.0015171942610787692,1,[-0.0015171942610788],2024-01-09,,5,0.001,0.0,-0.0020164356639481573,False,2024
2024-01-10,,6,-0.00044067301059880215,1,[-0.0004406730105988],2024-01-11,,7,0.001,0.0,-0.0009404526740934838,False,2024
2024-01-18,,11,0.012466281579720295,1,[0.0124662815797202],2024-01-19,,12,0.001,0.0,0.011960048438930393,True,2024
2024-01-22,,13,0.002916478895862218,1,[0.0029164788958622],2024-01-23,,14,0.001,0.0,0.0024150206564144128,True,2024
2024-01-29,,18,-0.0007734921111418602,1,[-0.0007734921111419],2024-01-30,,19,0.001,0.0,-0.00127310536508618,False,2024
2024-02-01,,21,0.006847961552345128,2,"[0.0105274258742655, -0.003641132568705]",2024-02-05,,23,0.001,0.0,0.006344537571568942,True,2024
2024-02-09,,27,-0.00043895545913064105,1,[-0.0004389554591306],2024-02-12,,28,0.001,0.0,-0.0009387359814010399,False,2024
2024-02-13,,29,0.016050100554126034,2,"[0.0090877310731019, 0.0068996671613676]",2024-02-15,,31,0.001,0.0,0.015542075503849118,True,2024
2024-02-16,,32,0.01669627063062329,4,"[-0.005505569451579, 0.0009059460310576, 0.0206954238560115, 0.0006897198965358]",2024-02-23,,36,0.001,0.0,0.016187922495308094,True,2024
2024-02-29,,40,0.009388268828250945,1,[0.0093882688282509],2024-03-01,,41,0.001,0.0,0.008883574693836938,True,2024
2024-03-05,,43,0.018928248856493024,5,"[0.0050671289519419, 0.0099265138732331, -0.0060023309489503, -0.0008597399461756, 0.010757410938595]",2024-03-12,,48,0.001,0.0,0.01841878473206493,True,2024
2024-03-14,,50,-0.006866463700680225,1,[-0.0068664637006802],2024-03-15,,51,0.001,0.0,-0.007363030468829801,False,2024
2024-04-01,,61,-0.007143636135882092,4,"[-0.0063581950893668, 0.0010985352802523, -0.0122061500551772, 0.0104467350593271]",2024-04-05,,65,0.001,0.0,-0.007640064317814055,False,2024
2024-04-09,,67,-0.002541749182336517,2,"[-0.0100131049418273, 0.0075469239004943]",2024-04-11,,69,0.001,0.0,-0.0030404783077453423,False,2024
2024-04-12,,70,-0.01252810535274873,1,[-0.0125281053527487],2024-04-15,,71,0.001,0.0,-0.013021841300072334,False,2024
2024-04-23,,77,-0.0004746523967652516,1,[-0.0004746523967652],2024-04-24,,78,0.001,0.0,-0.0009744150705668364,False,2024
2024-04-25,,79,0.009473954297642972,1,[0.0094739542976429],2024-04-26,,80,0.001,0.0,0.008969217320494272,True,2024
2024-05-01,,83,0.040951455404560244,7,"[0.0093533870285293, 0.0123953325435501, 0.0103269181377565, 0.0011033019458035, 9.654237104061993e-05, 0.0057620475429824, 0.0012882288741851]",2024-05-10,,90,0.001,0.0,0.04043097967685805,True,2024
2024-05-13,,91,0.014935488125251917,3,"[0.0045880418867521, 0.0123831883588219, -0.0020575211449046]",2024-05-16,,94,0.001,0.0,0.014428020381189288,True,2024
2024-05-22,,98,-0.013627100878238374,5,"[-0.0073041620355116, 0.0066163943999355, 0.0006987515410241, -0.0070025123056838, -0.0066336979416805]",2024-05-30,,103,0.001,0.0,-0.014120287327799241,False,2024
2024-05-31,,104,0.013842088935956287,3,"[0.0008154780370048, 0.0011175332656163, 0.0118851812884879]",2024-06-05,,107,0.001,0.0,0.013335167891488364,True,2024
2024-06-11,,111,0.008212992649689665,1,[0.0082129926496896],2024-06-12,,112,0.001,0.0,0.007708886153364958,True,2024
2024-06-14,,114,0.007958943634686966,1,[0.0079589436346869],2024-06-17,,115,0.001,0.0,0.007454964162869615,True,2024
2024-06-20,,117,-0.0013404933262958219,1,[-0.0013404933262958],2024-06-21,,118,0.001,0.0,-0.0018398230796325965,False,2024
2024-07-08,,128,-0.0011345385118605167,10,"[0.0009723972844888, 0.0098953951660731, -0.0086226769078532, 0.0063076270313913, 0.0027500647684435, 0.0059302267877525, -0.0140211265946459, -0.0076849785890167, -0.0066405287279913, 0.0103098544358584]",2024-07-22,,138,0.001,0.0,-0.0016339712426045594,False,2024
2024-07-23,,139,-0.027754651847216816,2,"[-0.0226623087748173, -0.0052104232939341]",2024-07-25,,141,0.001,0.0,-0.028240774521293144,False,2024
2024-08-05,,148,0.0024738786348508235,2,"[0.0092196072528221, -0.0066841038060424]",2024-08-07,,150,0.001,0.0,0.0019726416955334614,True,2024
2024-08-15,,156,0.002241993397156694,1,[0.0022419933971566],2024-08-16,,157,0.001,0.0,0.001740872400458171,True,2024
2024-08-28,,165,8.952903141112856e-05,1,[8.952903141112856e-05],2024-08-29,,166,0.001,0.0,-0.00041051573310457723,False,2024
2024-09-18,,179,0.017064716510865274,1,[0.0170647165108652],2024-09-19,,180,0.001,0.0,0.016556184152609843,True,2024
2024-09-27,,186,0.004007197783506555,1,[0.0040071977835065],2024-09-30,,187,0.001,0.0,0.0035051941846149237,True,2024
2024-10-21,,202,-0.000531179670322679,1,[-0.0005311796703227],2024-10-22,,203,0.001,0.0,-0.0010309140804874994,False,2024
2024-10-25,,206,-0.01796080086729568,4,"[0.0030913222881787, 0.0016184868692048, -0.0030253159284875, -0.0196031936526449]",2024-10-31,,210,0.001,0.0,-0.018451820466862,False,2024
2024-11-05,,213,0.035026902436746,5,"[0.0248654878162717, 0.0077321681824567, 0.0043319212565438, 0.0009526773732928, -0.0031063363644213]",2024-11-12,,218,0.001,0.0,0.03450938898552769,True,2024
2024-11-15,,221,0.03100285779730738,11,"[0.0040974096918398, 0.0036553682972868, 0.0003388277383316, 0.0053682472463352, 0.0030993944534478, 0.0033921054211556, 0.0052215897150214, -0.0030301917856291, 0.0062121544032733, 0.0017923273750353, 0.000463842281654]",2024-12-03,,232,0.001,0.0,0.030487356368408713,True,2024
2024-12-04,,233,-0.0016457396510600741,1,[-0.0016457396510601],2024-12-05,,234,0.001,0.0,-0.0021449167812345182,False,2024
2024-12-06,,235,-0.03542216712385127,8,"[-0.0051495705890026, -0.0031091967450007, 0.0077306370084988, -0.005152537631705, -0.0001985150947229, 0.0042698498068114, -0.0041199914797734, -0.0298034611535048]",2024-12-18,,243,0.001,0.0,-0.035904456040289245,False,2024
2024-12-19,,244,0.012010906155728973,1,[0.0120109061557289],2024-12-20,,245,0.001,0.0,0.011504900702651089,True,2024
2024-12-24,,247,-0.010460486906814226,2,"[6.659179477574995e-05, -0.0105263777312044]",2024-12-27,,249,0.001,0.0,-0.010955256663360724,False,2024
2024-12-30,,250,0.005814348031979444,11,"[-0.0036378196891436, -0.0024571239965799, 0.012503510745669, 0.0057605099049664, -0.011304045433904, 0.0014609060507264, -0.0152674296063698, 0.0015505849049237, 0.0013759502770052, 0.0181899222119736, -0.0019231018964384]",2025-01-16,,261,0.001,0.0,0.005311440857963534,True,2024
2025-01-17,,262,0.020365247839773115,3,"[0.0091533756072252, 0.0056215383319879, 0.0054579561711285]",2025-01-23,,265,0.001,0.0,0.01985506521585334,True,2025
2025-01-27,,267,0.008592419782555538,1,[0.0085924197825555],2025-01-28,,268,0.001,0.0,0.008088123572664419,True,2025
2025-01-29,,269,0.005366979111198988,1,[0.0053669791111989],2025-01-30,,270,0.001,0.0,0.004864295621643366,True,2025
2025-01-31,,271,-0.006729552709310749,1,[-0.0067295527093108],2025-02-03,,272,0.001,0.0,-0.007226187932956041,False,2025
2025-02-21,,285,-0.004550510344039749,1,[-0.0045505103440397],2025-02-24,,286,0.001,0.0,-0.0050482350888676475,False,2025
2025-02-25,,287,0.0005046930393417526,1,[0.0005046930393417],2025-02-26,,288,0.001,0.0,4.4406928221274455e-06,True,2025
2025-03-14,,300,0.025552310295985592,7,"[0.0077113367901799, -0.0108084878986289, 0.0108909566507349, -0.002891808087189, 0.0003297821736047, 0.0179085994617893, 0.0024038215328545]",2025-03-25,,307,0.001,0.0,0.025039534140837594,True,2025
2025-03-28,,310,0.01594508747526069,3,"[0.0067126892371522, 0.0028246643463605, 0.0063282975946048]",2025-04-02,,313,0.001,0.0,0.01543711493152311,True,2025
2025-04-04,,315,-0.0017811884523962762,1,[-0.0017811884523963],2025-04-07,,316,0.001,0.0,-0.0022802978581700772,False,2025
2025-04-08,,317,0.10501937798947614,1,[0.1050193779894761],2025-04-09,,318,0.001,0.0,0.10446686830048146,True,2025
2025-04-16,,323,0.04000695638003582,5,"[0.0014268350248789, -0.023802707123928, 0.0260177597421915, 0.0154953629188225, 0.0210490309818542]",2025-04-24,,328,0.001,0.0,0.039486952901845784,True,2025
2025-04-30,,332,0.007086980474864335,1,[0.0070869804748643],2025-05-01,,333,0.001,0.0,0.006583436984626934,True,2025
2025-05-08,,338,0.03987208056173075,4,"[-0.0012740024202869, 0.0330474294146709, 0.0066038608215337, 0.0012780826440004]",2025-05-14,,342,0.001,0.0,0.03935214452144997,True,2025
2025-05-21,,347,0.014223084956756837,3,"[0.0003948143188683, -0.0068257451089891, 0.0207904687426354]",2025-05-27,,350,0.001,0.0,0.013715973414278437,True,2025
2025-05-28,,351,0.02319085234794116,10,"[0.0039473365509063, -0.00111840103268, 0.0056329207040395, 0.0057024522486979, -0.0002684085986693, -0.0048328596233543, 0.0102690309737645, 0.0009013320810069, 0.0056697178052858, -0.0028520773519503]",2025-06-11,,361,0.001,0.0,0.02267925692176731,True,2025
2025-06-12,,362,-0.011179957269386365,1,[-0.0111799572693864],2025-06-13,,363,0.001,0.0,-0.011674367290751664,False,2025
2025-06-17,,365,0.019053032978920914,5,"[-0.0001508166576998, -0.0023484742531844, 0.0098774857395875, 0.0110471860395073, 0.0005603844216792]",2025-06-25,,370,0.001,0.0,0.018543506462431525,True,2025
2025-06-26,,371,0.009446479012592768,3,"[0.0049683222933454, 0.0047810789702977, -0.0003235144354958]",2025-07-01,,374,0.001,0.0,0.008941755773086424,True,2025
2025-07-02,,375,0.026964153358268295,26,"[0.0078813994596407, -0.007452168554898, -0.0005476359239223, 0.0059966560783442, 0.002820258275139, -0.0035153098751226, 0.0019080849682644, -0.0042733109576953, 0.0033432737161649, 0.0061196378775145, -0.0007323346017438, 0.0018961434921311, 0.0001431954391026, 0.0085073782196083, 0.000331126987735, 0.0042243381524911, -0.0002510690047468, -0.0026375648019045, -0.001259466642834, -0.003751164153554, -0.0163905152536356, 0.0151999641872668, -0.0050700236210009, 0.007659758716372, -0.0008376363499652, 0.0077974564637866]",2025-08-08,,401,0.001,0.0,0.02645067128158929,True,2025
2025-08-11,,402,0.003443757014979898,7,"[0.0106459807696153, 0.003423228406564, 9.29178689290655e-05, -0.0023412936104089, -0.000217520760141, -0.005425292366708, -0.0026569846084518]",2025-08-20,,409,0.001,0.0,0.0029420351364723984,True,2025
2025-08-21,,410,0.00742663737764393,7,"[0.0153567344506935, -0.0044010200352035, 0.0041869687585276, 0.0022785484055947, 0.0035413241328445, -0.0059636393929621, -0.0074102519726757]",2025-09-02,,417,0.001,0.0,0.0069229240589552266,True,2025
2025-09-04,,419,-0.00044673105336023866,2,"[-0.0028962888998979, 0.0024566730815143]",2025-09-08,,421,0.001,0.0,-0.0009465076878335532,False,2025
2025-09-10,,423,0.017547846926170063,12,"[0.0083102904575622, -0.0003347242484962, 0.0053240571686796, -0.0013768848246955, -0.0012424570616919, 0.0046724059178502, 0.0049529620955317, 0.0047309566292503, -0.0054433788650938, -0.0031817570232213, -0.0046133749054336, 0.0057290340826092]",2025-09-26,,435,0.001,0.0,0.017039073002707017,True,2025
2025-09-29,,436,0.008347253149136202,3,"[0.0037668347553583, 0.0034075722246513, 0.0011517326256851]",2025-10-02,,439,0.001,0.0,0.007843079522561691,True,2025
2025-10-03,,440,0.00582771493561185,3,"[0.0035862719664676, -0.0037075138893177, 0.0059630552695713]",2025-10-08,,443,0.001,0.0,0.005324801078144148,True,2025
2025-10-09,,444,0.0001936560941016019,8,"[-0.0270278621788456, 0.0153441181351683, -0.0012216462876413, 0.0044395299096053, -0.0068101345623303, 0.0056762051642531, 0.0104005002629232, -1.494287878323064e-05]",2025-10-21,,452,0.001,0.0,-0.00030644073394536786,False,2025
2025-10-22,,453,0.005929962705964353,1,[0.0059299627059643],2025-10-23,,454,0.001,0.0,0.005426997724611526,True,2025
2025-10-31,,460,0.0018767398754619968,1,[0.0018767398754619],2025-11-03,,461,0.001,0.0,0.001375801505524299,True,2025
2025-11-04,,462,0.009181908252188231,4,"[0.0034654763403132, -0.0107294537191834, 0.000984565078659, 0.0156043703463399]",2025-11-10,,466,0.001,0.0,0.008677317298062093,True,2025
2025-11-24,,476,0.009405836039293458,1,[0.0094058360392934],2025-11-25,,477,0.001,0.0,0.00890113312127383,True,2025
2025-11-28,,479,-0.004565470301164387,1,[-0.0045654703011644],2025-12-01,,480,0.001,0.0,-0.00506318756601376,False,2025
2025-12-09,,486,-0.0033819345267348533,4,"[0.0066322352527572, 0.0023269460314641, -0.0107520755752826, -0.0015108085502177]",2025-12-15,,490,0.001,0.0,-0.0038802435594714746,False,2025
2026-01-06,,504,0.0032667837311475267,3,"[-0.0032234122811981, -0.0001015273142732, 0.0066133829968886]",2026-01-09,,507,0.001,0.0,0.002765150339282041,True,2026
2026-01-12,,508,-0.005034823882229644,4,"[-0.0019995067653818, -0.0049152529031389, 0.0027232975079871, -0.000837905189162]",2026-01-16,,512,0.001,0.0,-0.005532306470288462,False,2026
2026-01-21,,514,0.005223257672714476,1,[0.0052232576727144],2026-01-22,,515,0.001,0.0,0.004720646043878229,True,2026
2026-01-23,,516,-0.004410624385162487,8,"[0.0050782317618727, 0.0039841653784709, -0.0001006645803248, -0.0019843771548337, -0.0029824841055743, 0.0049712227370615, -0.0084553859011725, -0.0048438537259933]",2026-02-04,,524,0.001,0.0,-0.004908419072969905,False,2026
2026-02-06,,526,0.0021719537739717243,2,"[0.0048217267165773, -0.0026370577706994]",2026-02-10,,528,0.001,0.0,0.0016708677970846963,True,2026
2026-02-12,,530,0.011977655615764027,5,"[0.000704499103119, 0.0016134830190519, 0.0050377075505767, -0.0026373443235495, 0.0072318492890963]",2026-02-20,,535,0.001,0.0,0.011471666787956192,True,2026
2026-02-23,,536,0.00726847527019836,1,[0.0072684752701983],2026-02-24,,537,0.001,0.0,0.006764841032563362,True,2026
2026-02-26,,539,-0.006049516142858424,4,"[-0.0048019408586112, 0.0005685229860479, -0.0088142509124856, 0.0070553559582975]",2026-03-04,,543,0.001,0.0,-0.006546491384786912,False,2026
2026-03-05,,544,-0.00446198634223649,2,"[-0.013107129910862, 0.0087599615223126]",2026-03-09,,546,0.001,0.0,-0.004959755349065342,False,2026
2026-03-18,,553,-0.002464381043311148,1,[-0.0024643810433112],2026-03-19,,554,0.001,0.0,-0.0029631488527894767,False,2026
2026-03-25,,558,-0.017858729983344035,1,[-0.017858729983344],2026-03-26,,559,0.001,0.0,-0.01834980061835234,False,2026
2026-04-01,,563,0.005631560947811476,2,"[0.0009004595313388, 0.0047268450837638]",2026-04-06,,565,0.001,0.0,0.005128745167337634,True,2026
2026-04-08,,567,0.014925744671452579,3,"[0.0057690176991855, -0.0006617754265585, 0.0097724472464817]",2026-04-13,,570,0.001,0.0,0.014418281799116972,True,2026
2026-04-14,,571,0.020533808167844336,4,"[0.0078909692270439, 0.0024573476469376, 0.012085686101644, -0.0019997351150194]",2026-04-20,,575,0.001,0.0,0.02002354126376038,True,2026
2026-04-21,,576,0.01012671209511895,1,[0.0101267120951189],2026-04-22,,577,0.001,0.0,0.009621648739071453,True,2026
2026-04-23,,578,0.007749309237231605,1,[0.0077493092372316],2026-04-24,,579,0.001,0.0,0.007245434582612953,True,2026
2026-04-27,,580,-0.004865992267119368,1,[-0.0048659922671194],2026-04-28,,581,0.001,0.0,-0.005363559270985752,False,2026
2026-04-30,,583,0.017977960143794824,5,"[0.0027690952923506, -0.0036633921467564, 0.0080222287239424, 0.013899399692774, -0.0030660824190705]",2026-05-07,,588,0.001,0.0,0.017468971163723035,True,2026
2026-05-11,,590,-0.0015149526145864511,1,[-0.0015149526145865],2026-05-12,,591,0.001,0.0,-0.0020141951382790513,False,2026
2026-05-14,,593,-0.01272439031910877,2,"[-0.0120293437567962, -0.0007035093177317]",2026-05-18,,595,0.001,0.0,-0.013218028123949122,False,2026
2026-05-19,,596,0.010248994582563453,1,[0.0102489945825634],2026-05-20,,597,0.001,0.0,0.009743870085272333,True,2026
2026-05-26,,600,0.010591577561088084,4,"[-0.000173242164746, 0.0055165786009099, 0.0024914048034492, 0.0027231134609038]",2026-06-01,,604,0.001,0.0,0.010086281772307526,True,2026
2026-06-02,,605,-0.0070171823204997485,1,[-0.0070171823204998],2026-06-03,,606,0.001,0.0,-0.007513673729339421,False,2026
2026-06-08,,609,-0.0029354505508076834,1,[-0.0029354505508077],2026-06-09,,610,0.001,0.0,-0.0034339828255322002,False,2026
2026-06-11,,612,0.005408247901529384,1,[0.0054082479015293],2026-06-12,,613,0.001,0.0,0.00490554377757868,True,2026
2026-06-15,,614,-0.005961562844234103,1,[-0.0059615628442341],2026-06-16,,615,0.001,0.0,-0.006458582062811913,False,2026
2026-06-17,,616,0.010396992441959574,1,[0.0103969924419595],2026-06-18,,617,0.001,0.0,0.00989179394573858,True,2026
2026-06-23,,619,0.01011475604200851,4,"[-0.0004635170636431, 0.0014456352254532, -0.0072313736168696, 0.0164748623801593]",2026-06-29,,623,0.001,0.0,0.009609698663987531,True,2026
2026-07-22,,639,-0.01134582193634992,2,"[-0.0123492872725757, 0.001016012364791]",2026-07-24,,641,0.001,0.0,-0.011840149025381663,False,2026
2026-07-30,,645,0.007199809675054292,1,[0.0071998096750542],2026-07-31,,646,0.001,0.0,0.006696209770216788,True,2026
