date,action,position,market_return,strategy_return,transaction_cost,slippage,equity,changed_position,entry_date,exit_date,holding_days,trade_return
2024-01-02,0,0,-0.0081666141200165,0.0,0.0,0.0,10000.0,False,,,,
2024-01-03,0,0,-0.0032211421521444,0.0,0.0,0.0,10000.0,False,,,,
2024-01-04,0,0,0.0013696686415112,0.0,0.0,0.0,10000.0,False,,,,
2024-01-05,0,0,0.0142759174450461,0.0,0.0,0.0,10000.0,False,,,,
2024-01-08,1,1,-0.0015171942610788,-0.0020171942610788,0.0005,0.0,9979.828057389212,True,2024-01-08,,,
2024-01-09,0,0,0.0056555983484265,-0.0005,0.0005,0.0,9974.838143360517,True,2024-01-08,2024-01-09,1.0,-0.0025161856639482894
2024-01-10,1,1,-0.0004406730105988,-0.0009406730105988,0.0005,0.0,9965.455082333967,True,2024-01-10,,,
2024-01-11,0,0,0.0006927820257085,-0.0005,0.0005,0.0,9960.4723547928,True,2024-01-10,2024-01-11,1.0,-0.0014402026740933938
2024-01-12,0,0,-0.0036711088030699,0.0,0.0,0.0,9960.4723547928,False,2024-01-10,,,
2024-01-16,0,0,-0.0055588263446637,0.0,0.0,0.0,9960.4723547928,False,2024-01-10,,,
2024-01-17,0,0,0.0088927437676438,0.0,0.0,0.0,9960.4723547928,False,2024-01-10,,,
2024-01-18,1,1,0.0124662815797202,0.0119662815797202,0.0005,0.0,10079.66217165727,True,2024-01-18,,,
2024-01-19,0,0,0.0021141260530552,-0.0005,0.0005,0.0,10074.622340571443,True,2024-01-18,2024-01-19,1.0,0.011460298438930483
2024-01-22,1,1,0.0029164788958622,0.0024164788958622,0.0005,0.0,10098.967452841216,True,2024-01-22,,,
2024-01-23,0,0,0.0010933278020706,-0.0005,0.0005,0.0,10093.917969114797,True,2024-01-22,2024-01-23,1.0,0.0019152706564145028
2024-01-24,0,0,0.0054389063480744,0.0,0.0,0.0,10093.917969114797,False,2024-01-22,,,
2024-01-25,0,0,-0.0012705273786958,0.0,0.0,0.0,10093.917969114797,False,2024-01-22,,,
2024-01-26,0,0,0.0079194378238247,0.0,0.0,0.0,10093.917969114797,False,2024-01-22,,,
2024-01-29,1,1,-0.0007734921111419,-0.0012734921111419001,0.0005,0.0,10081.063444210615,True,2024-01-29,,,
2024-01-30,0,0,-0.016317453722021,-0.0005,0.0005,0.0,10076.02291248851,True,2024-01-29,2024-01-30,1.0,-0.0017728553650863121
2024-01-31,0,0,0.0130882471471693,0.0,0.0,0.0,10076.02291248851,False,2024-01-29,,,
2024-02-01,1,1,0.0105274258742655,0.0100274258742655,0.0005,0.0,10177.059485350888,True,2024-02-01,,,
2024-02-02,1,1,-0.003641132568705,-0.003641132568705,0.0,0.0,10140.00346260513,False,2024-02-01,,,
2024-02-05,0,0,0.0029033816277115,-0.0005,0.0005,0.0,10134.933460873826,True,2024-02-01,2024-02-05,4.0,0.005846607227570022
2024-02-06,0,0,0.0083403679664701,0.0,0.0,0.0,10134.933460873826,False,2024-02-01,,,
2024-02-07,0,0,0.0004416873593215,0.0,0.0,0.0,10134.933460873826,False,2024-02-01,,,
2024-02-08,0,0,0.0057793986720151,0.0,0.0,0.0,10134.933460873826,False,2024-02-01,,,
2024-02-09,1,1,-0.0004389554591306,-0.0009389554591306001,0.0005,0.0,10125.417209772813,True,2024-02-09,,,
2024-02-12,0,0,-0.0137731141131495,-0.0005,0.0005,0.0,10120.354501167927,True,2024-02-09,2024-02-12,3.0,-0.0014384859814010609
2024-02-13,1,1,0.0090877310731019,0.008587731073101899,0.0005,0.0,10207.265383988413,True,2024-02-13,,,
2024-02-14,1,1,0.0068996671613676,0.0068996671613676,0.0,0.0,10277.692117765684,False,2024-02-13,,,
2024-02-15,0,0,-0.0049797860191245,-0.0005,0.0005,0.0,10272.553271706802,True,2024-02-13,2024-02-15,2.0,0.015038877395185057
2024-02-16,1,1,-0.005505569451579,-0.006005569451579,0.0005,0.0,10210.860739588521,True,2024-02-16,,,
2024-02-20,1,1,0.0009059460310576,0.0009059460310576,0.0,0.0,10220.111228349233,False,2024-02-16,,,
2024-02-21,1,1,0.0206954238560115,0.0206954238560115,0.0,0.0,10431.620762075503,False,2024-02-16,,,
2024-02-22,1,1,0.0006897198965358,0.0006897198965358,0.0,0.0,10438.815658468224,False,2024-02-16,,,
2024-02-23,0,0,-0.003662640626092,-0.0005,0.0005,0.0,10433.59625063899,True,2024-02-16,2024-02-23,7.0,0.01567701570122204
2024-02-26,0,0,0.0018577482984671,0.0,0.0,0.0,10433.59625063899,False,2024-02-16,,,
2024-02-27,0,0,-0.0013215788271536,0.0,0.0,0.0,10433.59625063899,False,2024-02-16,,,
2024-02-28,0,0,0.0035949057285806,0.0,0.0,0.0,10433.59625063899,False,2024-02-16,,,
2024-02-29,1,1,0.0093882688282509,0.0088882688282509,0.0005,0.0,10526.3328589601,True,2024-02-29,,,
2024-03-01,0,0,-0.0010725215456006,-0.0005,0.0005,0.0,10521.069692530622,True,2024-02-29,2024-03-01,1.0,0.008383824693837028
2024-03-04,0,0,-0.0099939473950509,0.0,0.0,0.0,10521.069692530622,False,2024-02-29,,,
2024-03-05,1,1,0.0050671289519419,0.0045671289519419005,0.0005,0.0,10569.120774528777,True,2024-03-05,,,
2024-03-06,1,1,0.0099265138732331,0.0099265138732331,0.0,0.0,10674.035298525014,False,2024-03-05,,,
2024-03-07,1,1,-0.0060023309489503,-0.0060023309489503,0.0,0.0,10609.966206102488,False,2024-03-05,,,
2024-03-08,1,1,-0.0008597399461756,-0.0008597399461756,0.0,0.0,10600.844394327529,False,2024-03-05,,,
2024-03-11,1,1,0.010757410938595,0.010757410938595,0.0,0.0,10714.882033773412,False,2024-03-05,,,
2024-03-12,0,0,-0.0015675902540027,-0.0005,0.0005,0.0,10709.524592756527,True,2024-03-05,2024-03-12,7.0,0.01791214256091256
2024-03-13,0,0,-0.0019768829299616,0.0,0.0,0.0,10709.524592756527,False,2024-03-05,,,
2024-03-14,1,1,-0.0068664637006802,-0.0073664637006802,0.0005,0.0,10630.633268592444,True,2024-03-14,,,
2024-03-15,0,0,0.0059430937614974,-0.0005,0.0005,0.0,10625.317951958148,True,2024-03-14,2024-03-15,1.0,-0.007862780468829822
2024-03-18,0,0,0.0055570890743275,0.0,0.0,0.0,10625.317951958148,False,2024-03-14,,,
2024-03-19,0,0,0.0092493427033493,0.0,0.0,0.0,10625.317951958148,False,2024-03-14,,,
2024-03-20,0,0,0.0033046716897402,0.0,0.0,0.0,10625.317951958148,False,2024-03-14,,,
2024-03-21,0,0,-0.0018956934102117,0.0,0.0,0.0,10625.317951958148,False,2024-03-14,,,
2024-03-22,0,0,-0.0027628935483237,0.0,0.0,0.0,10625.317951958148,False,2024-03-14,,,
2024-03-25,0,0,-0.0018469115905791,0.0,0.0,0.0,10625.317951958148,False,2024-03-14,,,
2024-03-26,0,0,0.0084036831876741,0.0,0.0,0.0,10625.317951958148,False,2024-03-14,,,
2024-03-27,0,0,-0.0001910989121979,0.0,0.0,0.0,10625.317951958148,False,2024-03-14,,,
2024-03-28,0,0,-0.0017395721538076,0.0,0.0,0.0,10625.317951958148,False,2024-03-14,,,
2024-04-01,1,1,-0.0063581950893668,-0.0068581950893668,0.0005,0.0,10552.447448557068,True,2024-04-01,,,
2024-04-02,1,1,0.0010985352802523,0.0010985352802523,0.0,0.0,10564.039684372317,False,2024-04-01,,,
2024-04-03,1,1,-0.0122061500551772,-0.0122061500551772,0.0,0.0,10435.093430796021,False,2024-04-01,,,
2024-04-04,1,1,0.0104467350593271,0.0104467350593271,0.0,0.0,10544.106087186872,False,2024-04-01,,,
2024-04-05,0,0,0.0005594351482329,-0.0005,0.0005,0.0,10538.83403414328,True,2024-04-01,2024-04-05,4.0,-0.008139419281935956
2024-04-08,0,0,0.0011567923729283,0.0,0.0,0.0,10538.83403414328,False,2024-04-01,,,
2024-04-09,1,1,-0.0100131049418273,-0.0105131049418273,0.0005,0.0,10428.03816597783,True,2024-04-09,,,
2024-04-10,1,1,0.0075469239004943,0.0075469239004943,0.0,0.0,10506.737776447917,False,2024-04-09,,,
2024-04-11,0,0,-0.0138030881957177,-0.0005,0.0005,0.0,10501.484407559694,True,2024-04-09,2024-04-11,2.0,-0.003543999882964499
2024-04-12,1,1,-0.0125281053527487,-0.0130281053527487,0.0005,0.0,10364.669962337759,True,2024-04-12,,,
2024-04-15,0,0,-0.0018237875199006,-0.0005,0.0005,0.0,10359.487627356591,True,2024-04-12,2024-04-15,3.0,-0.013521591300072133
2024-04-16,0,0,-0.0059183618848681,0.0,0.0,0.0,10359.487627356591,False,2024-04-12,,,
2024-04-17,0,0,-0.0020577059283769,0.0,0.0,0.0,10359.487627356591,False,2024-04-12,,,
2024-04-18,0,0,-0.0087282724904506,0.0,0.0,0.0,10359.487627356591,False,2024-04-12,,,
2024-04-19,0,0,0.0092091336741857,0.0,0.0,0.0,10359.487627356591,False,2024-04-12,,,
2024-04-22,0,0,0.011866574121826,0.0,0.0,0.0,10359.487627356591,False,2024-04-12,,,
2024-04-23,1,1,-0.0004746523967652,-0.0009746523967652,0.0005,0.0,10349.390727911328,True,2024-04-23,,,
2024-04-24,0,0,-0.0037988983678416,-0.0005,0.0005,0.0,10344.216032547372,True,2024-04-23,2024-04-24,1.0,-0.0014741650705668574
2024-04-25,1,1,0.0094739542976429,0.0089739542976429,0.0005,0.0,10437.044554468397,True,2024-04-25,,,
2024-04-26,0,0,0.0035414271189135,-0.0005,0.0005,0.0,10431.826032191164,True,2024-04-25,2024-04-26,1.0,0.00846946732049414
2024-04-29,0,0,-0.0158412886123383,0.0,0.0,0.0,10431.826032191164,False,2024-04-25,,,
2024-04-30,0,0,-0.0032470256877585,0.0,0.0,0.0,10431.826032191164,False,2024-04-25,,,
2024-05-01,1,1,0.0093533870285293,0.0088533870285293,0.0005,0.0,10524.18302546844,True,2024-05-01,,,
2024-05-02,1,1,0.0123953325435501,0.0123953325435501,0.0,0.0,10654.633773818307,False,2024-05-01,,,
2024-05-03,1,1,0.0103269181377565,0.0103269181377565,0.0,0.0,10764.663304588305,False,2024-05-01,,,
2024-05-06,1,1,0.0011033019458035,0.0011033019458035,0.0,0.0,10776.539978558178,False,2024-05-01,,,
2024-05-07,1,1,9.654237104061993e-05,9.654237104061993e-05,0.0,0.0,10777.580371279322,False,2024-05-01,,,
2024-05-08,1,1,0.0057620475429824,0.0057620475429824,0.0,0.0,10839.68130177695,False,2024-05-01,,,
2024-05-09,1,1,0.0012882288741851,0.0012882288741851,0.0,0.0,10853.645292216863,False,2024-05-01,,,
2024-05-10,0,0,0.0001341269266754,-0.0005,0.0005,0.0,10848.218469570755,True,2024-05-01,2024-05-10,9.0,0.039915584874082644
2024-05-13,1,1,0.0045880418867521,0.004088041886752099,0.0005,0.0,10892.566441070998,True,2024-05-13,,,
2024-05-14,1,1,0.0123831883588219,0.0123831883588219,0.0,0.0,11027.451143021763,False,2024-05-13,,,
2024-05-15,1,1,-0.0020575211449046,-0.0020575211449046,0.0,0.0,11004.761929120592,False,2024-05-13,,,
2024-05-16,0,0,0.0014376619533422,-0.0005,0.0005,0.0,10999.259548156033,True,2024-05-13,2024-05-16,3.0,0.01392312286196562
2024-05-17,0,0,0.001151935429106,0.0,0.0,0.0,10999.259548156033,False,2024-05-13,,,
2024-05-20,0,0,0.0024525849346481,0.0,0.0,0.0,10999.259548156033,False,2024-05-13,,,
2024-05-21,0,0,-0.002879396361313,0.0,0.0,0.0,10999.259548156033,False,2024-05-13,,,
2024-05-22,1,1,-0.0073041620355116,-0.0078041620355116005,0.0005,0.0,10913.419544371574,True,2024-05-22,,,
2024-05-23,1,1,0.0066163943999355,0.0066163943999355,0.0,0.0,10985.627032329101,False,2024-05-22,,,
2024-05-24,1,1,0.0006987515410241,0.0006987515410241,0.0,0.0,10993.303256147057,False,2024-05-22,,,
2024-05-28,1,1,-0.0070025123056838,-0.0070025123056838,0.0,0.0,10916.322514815773,False,2024-05-22,,,
2024-05-29,1,1,-0.0066336979416805,-0.0066336979416805,0.0,0.0,10843.906928618519,False,2024-05-22,,,
2024-05-30,0,0,0.009108334135929,-0.0005,0.0005,0.0,10838.48497515421,True,2024-05-22,2024-05-30,8.0,-0.014616854188950978
2024-05-31,1,1,0.0008154780370048,0.00031547803700479994,0.0005,0.0,10841.904279118276,True,2024-05-31,,,
2024-06-03,1,1,0.0011175332656163,0.0011175332656163,0.0,0.0,10854.02046781282,False,2024-05-31,,,
2024-06-04,1,1,0.0118851812884879,0.0118851812884879,0.0,0.0,10983.022468781734,False,2024-05-31,,,
2024-06-05,0,0,-1.864024675468645e-05,-0.0005,0.0005,0.0,10977.530957547344,True,2024-05-31,2024-06-05,5.0,0.012828913147167498
2024-06-06,0,0,-0.0012157418997532,0.0,0.0,0.0,10977.530957547344,False,2024-05-31,,,
2024-06-07,0,0,0.0030898885966279,0.0,0.0,0.0,10977.530957547344,False,2024-05-31,,,
2024-06-10,0,0,0.002408221654687,0.0,0.0,0.0,10977.530957547344,False,2024-05-31,,,
2024-06-11,1,1,0.0082129926496896,0.007712992649689599,0.0005,0.0,11062.200573134645,True,2024-06-11,,,
2024-06-12,0,0,0.0020135098521882,-0.0005,0.0005,0.0,11056.669472848078,True,2024-06-11,2024-06-12,1.0,0.007209136153364604
2024-06-13,0,0,0.0006083856691376,0.0,0.0,0.0,11056.669472848078,False,2024-06-11,,,
2024-06-14,1,1,0.0079589436346869,0.007458943634686899,0.0005,0.0,11139.140547233414,True,2024-06-14,,,
2024-06-17,0,0,0.0025407201502618,-0.0005,0.0005,0.0,11133.570976959798,True,2024-06-14,2024-06-17,3.0,0.006955214162869483
2024-06-18,0,0,-0.0027166727044789,0.0,0.0,0.0,11133.570976959798,False,2024-06-14,,,
2024-06-20,1,1,-0.0013404933262958,-0.0018404933262958,0.0005,0.0,11113.079713878864,True,2024-06-20,,,
2024-06-21,0,0,-0.0032506247891551,-0.0005,0.0005,0.0,11107.523174021924,True,2024-06-20,2024-06-21,1.0,-0.0023395730796326175
2024-06-24,0,0,0.0038507537634642,0.0,0.0,0.0,11107.523174021924,False,2024-06-20,,,
2024-06-25,0,0,0.0012480417281484,0.0,0.0,0.0,11107.523174021924,False,2024-06-20,,,
2024-06-26,0,0,0.0015765763702069,0.0,0.0,0.0,11107.523174021924,False,2024-06-20,,,
2024-06-27,0,0,-0.003935065191992,0.0,0.0,0.0,11107.523174021924,False,2024-06-20,,,
2024-06-28,0,0,0.0020580237323681,0.0,0.0,0.0,11107.523174021924,False,2024-06-20,,,
2024-07-01,0,0,0.0067296623001427,0.0,0.0,0.0,11107.523174021924,False,2024-06-20,,,
2024-07-02,0,0,0.004462634526017,0.0,0.0,0.0,11107.523174021924,False,2024-06-20,,,
2024-07-03,0,0,0.0057665976484717,0.0,0.0,0.0,11107.523174021924,False,2024-06-20,,,
2024-07-05,0,0,0.0011537588069578,0.0,0.0,0.0,11107.523174021924,False,2024-06-20,,,
2024-07-08,1,1,0.0009723972844888,0.0004723972844888,0.0005,0.0,11112.770337806729,True,2024-07-08,,,
2024-07-09,1,1,0.0098953951660731,0.0098953951660731,0.0,0.0,11222.735591689143,False,2024-07-08,,,
2024-07-10,1,1,-0.0086226769078532,-0.0086226769078532,0.0,0.0,11125.965568659742,False,2024-07-08,,,
2024-07-11,1,1,0.0063076270313913,0.0063076270313913,0.0,0.0,11196.144009830949,False,2024-07-08,,,
2024-07-12,1,1,0.0027500647684435,0.0027500647684435,0.0,0.0,11226.934131014805,False,2024-07-08,,,
2024-07-15,1,1,0.0059302267877525,0.0059302267877525,0.0,0.0,11293.512396542883,False,2024-07-08,,,
2024-07-16,1,1,-0.0140211265946459,-0.0140211265946459,0.0,0.0,11135.164629532752,False,2024-07-08,,,
2024-07-17,1,1,-0.0076849785890167,-0.0076849785890167,0.0,0.0,11049.591127769616,False,2024-07-08,,,
2024-07-18,1,1,-0.0066405287279913,-0.0066405287279913,0.0,0.0,10976.216000453105,False,2024-07-08,,,
2024-07-19,1,1,0.0103098544358584,0.0103098544358584,0.0,0.0,11089.379189674317,False,2024-07-08,,,
2024-07-22,0,0,-0.0015685071166898,-0.0005,0.0005,0.0,11083.83450007948,True,2024-07-08,2024-07-22,14.0,-0.0021326693243231
2024-07-23,1,1,-0.0226623087748173,-0.0231623087748173,0.0005,0.0,10827.107302979666,True,2024-07-23,,,
2024-07-24,1,1,-0.0052104232939341,-0.0052104232939341,0.0,0.0,10770.693490882297,False,2024-07-23,,,
2024-07-25,0,0,0.0111996680170107,-0.0005,0.0005,0.0,10765.308144136856,True,2024-07-23,2024-07-25,2.0,-0.028737920612252
2024-07-26,0,0,0.0005878019054788,0.0,0.0,0.0,10765.308144136856,False,2024-07-23,,,
2024-07-29,0,0,-0.0050666697863112,0.0,0.0,0.0,10765.308144136856,False,2024-07-23,,,
2024-07-30,0,0,0.0162546171274244,0.0,0.0,0.0,10765.308144136856,False,2024-07-23,,,
2024-07-31,0,0,-0.0141608714654679,0.0,0.0,0.0,10765.308144136856,False,2024-07-23,,,
2024-08-01,0,0,-0.0186183714243766,0.0,0.0,0.0,10765.308144136856,False,2024-07-23,,,
2024-08-02,0,0,-0.0291236928166455,0.0,0.0,0.0,10765.308144136856,False,2024-07-23,,,
2024-08-05,1,1,0.0092196072528221,0.008719607252822099,0.0005,0.0,10859.177403109337,True,2024-08-05,,,
2024-08-06,1,1,-0.0066841038060424,-0.0066841038060424,0.0,0.0,10786.593534098723,False,2024-08-05,,,
2024-08-07,0,0,0.0231172406615085,-0.0005,0.0005,0.0,10781.200237331675,True,2024-08-05,2024-08-07,2.0,0.0014762320764105663
2024-08-08,0,0,0.0044096931300061,0.0,0.0,0.0,10781.200237331675,False,2024-08-05,,,
2024-08-09,0,0,0.0005256395828643,0.0,0.0,0.0,10781.200237331675,False,2024-08-05,,,
2024-08-12,0,0,0.0164453750912121,0.0,0.0,0.0,10781.200237331675,False,2024-08-05,,,
2024-08-13,0,0,0.0031548955749161,0.0,0.0,0.0,10781.200237331675,False,2024-08-05,,,
2024-08-14,0,0,0.0171402779986524,0.0,0.0,0.0,10781.200237331675,False,2024-08-05,,,
2024-08-15,1,1,0.0022419933971566,0.0017419933971566,0.0005,0.0,10799.981016958529,True,2024-08-15,,,
2024-08-16,0,0,0.0095614301059876,-0.0005,0.0005,0.0,10794.58102645005,True,2024-08-15,2024-08-16,1.0,0.001241122400458039
2024-08-19,0,0,-0.0016261720245489,0.0,0.0,0.0,10794.58102645005,False,2024-08-15,,,
2024-08-20,0,0,0.0034365713820496,0.0,0.0,0.0,10794.58102645005,False,2024-08-15,,,
2024-08-21,0,0,-0.0078485134264936,0.0,0.0,0.0,10794.58102645005,False,2024-08-15,,,
2024-08-22,0,0,0.0106252735932128,0.0,0.0,0.0,10794.58102645005,False,2024-08-15,,,
2024-08-23,0,0,-0.002383696962159,0.0,0.0,0.0,10794.58102645005,False,2024-08-15,,,
2024-08-26,0,0,0.0013731820935272,0.0,0.0,0.0,10794.58102645005,False,2024-08-15,,,
2024-08-27,0,0,-0.0058055183076489,0.0,0.0,0.0,10794.58102645005,False,2024-08-15,,,
2024-08-28,1,1,8.952903141112856e-05,-0.00041047096858887145,0.0005,0.0,10790.150164320614,True,2024-08-28,,,
2024-08-29,0,0,0.0095462974163451,-0.0005,0.0005,0.0,10784.755089238453,True,2024-08-28,2024-08-29,1.0,-0.0009102657331044872
2024-08-30,0,0,-0.0205792462423347,0.0,0.0,0.0,10784.755089238453,False,2024-08-28,,,
2024-09-03,0,0,-0.0020469442507314,0.0,0.0,0.0,10784.755089238453,False,2024-08-28,,,
2024-09-04,0,0,-0.0024320677304666,0.0,0.0,0.0,10784.755089238453,False,2024-08-28,,,
2024-09-05,0,0,-0.0168300922007624,0.0,0.0,0.0,10784.755089238453,False,2024-08-28,,,
2024-09-06,0,0,0.0111963691351513,0.0,0.0,0.0,10784.755089238453,False,2024-08-28,,,
2024-09-09,0,0,0.0043555718181662,0.0,0.0,0.0,10784.755089238453,False,2024-08-28,,,
2024-09-10,0,0,0.0102589634290251,0.0,0.0,0.0,10784.755089238453,False,2024-08-28,,,
2024-09-11,0,0,0.0084232353454931,0.0,0.0,0.0,10784.755089238453,False,2024-08-28,,,
2024-09-12,0,0,0.0052226714947005,0.0,0.0,0.0,10784.755089238453,False,2024-08-28,,,
2024-09-13,0,0,0.0014768158587166,0.0,0.0,0.0,10784.755089238453,False,2024-08-28,,,
2024-09-16,0,0,0.0004087336229028,0.0,0.0,0.0,10784.755089238453,False,2024-08-28,,,
2024-09-17,0,0,-0.0029659362844671,0.0,0.0,0.0,10784.755089238453,False,2024-08-28,,,
2024-09-18,1,1,0.0170647165108652,0.0165647165108652,0.0005,0.0,10963.401499930798,True,2024-09-18,,,
2024-09-19,0,0,-0.0017288213638069,-0.0005,0.0005,0.0,10957.919799180834,True,2024-09-18,2024-09-19,1.0,0.01605643415260971
2024-09-20,0,0,0.0024989046670664,0.0,0.0,0.0,10957.919799180834,False,2024-09-18,,,
2024-09-23,0,0,0.0028612684971582,0.0,0.0,0.0,10957.919799180834,False,2024-09-18,,,
2024-09-24,0,0,-0.0022054649913506,0.0,0.0,0.0,10957.919799180834,False,2024-09-18,,,
2024-09-25,0,0,0.0039645812385114,0.0,0.0,0.0,10957.919799180834,False,2024-09-18,,,
2024-09-26,0,0,-0.0014502902539623,0.0,0.0,0.0,10957.919799180834,False,2024-09-18,,,
2024-09-27,1,1,0.0040071977835065,0.0035071977835065,0.0005,0.0,10996.351391212364,True,2024-09-27,,,
2024-09-30,0,0,-0.0089583884063572,-0.0005,0.0005,0.0,10990.853215516758,True,2024-09-27,2024-09-30,3.0,0.0030054441846147917
2024-10-01,0,0,0.0004220737216988,0.0,0.0,0.0,10990.853215516758,False,2024-09-27,,,
2024-10-02,0,0,-0.0018282874847113,0.0,0.0,0.0,10990.853215516758,False,2024-09-27,,,
2024-10-03,0,0,0.0090875353626902,0.0,0.0,0.0,10990.853215516758,False,2024-09-27,,,
2024-10-04,0,0,-0.0090405918901448,0.0,0.0,0.0,10990.853215516758,False,2024-09-27,,,
2024-10-07,0,0,0.0094576621192834,0.0,0.0,0.0,10990.853215516758,False,2024-09-27,,,
2024-10-08,0,0,0.006926374276988,0.0,0.0,0.0,10990.853215516758,False,2024-09-27,,,
2024-10-09,0,0,-0.0017500368840644,0.0,0.0,0.0,10990.853215516758,False,2024-09-27,,,
2024-10-10,0,0,0.0059881262417149,0.0,0.0,0.0,10990.853215516758,False,2024-09-27,,,
2024-10-11,0,0,0.008178563713568,0.0,0.0,0.0,10990.853215516758,False,2024-09-27,,,
2024-10-14,0,0,-0.0077697089232046,0.0,0.0,0.0,10990.853215516758,False,2024-09-27,,,
2024-10-15,0,0,0.0043463065741016,0.0,0.0,0.0,10990.853215516758,False,2024-09-27,,,
2024-10-16,0,0,8.60044084747269e-05,0.0,0.0,0.0,10990.853215516758,False,2024-09-27,,,
2024-10-17,0,0,0.0038466549194462,0.0,0.0,0.0,10990.853215516758,False,2024-09-27,,,
2024-10-18,0,0,-0.0016423862228792,0.0,0.0,0.0,10990.853215516758,False,2024-09-27,,,
2024-10-21,1,1,-0.0005311796703227,-0.0010311796703227,0.0005,0.0,10979.519671121416,True,2024-10-21,,,
2024-10-22,0,0,-0.0091375793482227,-0.0005,0.0005,0.0,10974.029911285856,True,2024-10-21,2024-10-22,1.0,-0.0015306640804875205
2024-10-23,0,0,0.0021629105987253,0.0,0.0,0.0,10974.029911285856,False,2024-10-21,,,
2024-10-24,0,0,-0.0003452972949489,0.0,0.0,0.0,10974.029911285856,False,2024-10-21,,,
2024-10-25,1,1,0.0030913222881787,0.0025913222881787,0.0005,0.0,11002.46715958611,True,2024-10-25,,,
2024-10-28,1,1,0.0016184868692048,0.0016184868692048,0.0,0.0,11020.274508212757,False,2024-10-25,,,
2024-10-29,1,1,-0.0030253159284875,-0.0030253159284875,0.0,0.0,10986.934696206756,False,2024-10-25,,,
2024-10-30,1,1,-0.0196031936526449,-0.0196031936526449,0.0,0.0,10771.555687708053,False,2024-10-25,,,
2024-10-31,0,0,0.0042205888055482,-0.0005,0.0005,0.0,10766.169909864198,True,2024-10-25,2024-10-31,6.0,-0.01894108209126444
2024-11-01,0,0,-0.0021538926051214,0.0,0.0,0.0,10766.169909864198,False,2024-10-25,,,
2024-11-04,0,0,0.0120917042511228,0.0,0.0,0.0,10766.169909864198,False,2024-10-25,,,
2024-11-05,1,1,0.0248654878162717,0.0243654878162717,0.0005,0.0,11028.492891630907,True,2024-11-05,,,
2024-11-06,1,1,0.0077321681824567,0.0077321681824567,0.0,0.0,11113.767053468026,False,2024-11-05,,,
2024-11-07,1,1,0.0043319212565438,0.0043319212565438,0.0,0.0,11161.91101720722,False,2024-11-05,,,
2024-11-08,1,1,0.0009526773732928,0.0009526773732928,0.0,0.0,11172.544717276021,False,2024-11-05,,,
2024-11-11,1,1,-0.0031063363644213,-0.0031063363644213,0.0,0.0,11137.839035337623,False,2024-11-05,,,
2024-11-12,0,0,0.0004858730531422,-0.0005,0.0005,0.0,11132.270115819956,True,2024-11-05,2024-11-12,7.0,0.0340046840260555
2024-11-13,0,0,-0.0064301021569338,0.0,0.0,0.0,11132.270115819956,False,2024-11-05,,,
2024-11-14,0,0,-0.0128086394804487,0.0,0.0,0.0,11132.270115819956,False,2024-11-05,,,
2024-11-15,1,1,0.0040974096918398,0.0035974096918397996,0.0005,0.0,11172.317452226785,True,2024-11-15,,,
2024-11-18,1,1,0.0036553682972868,0.0036553682972868,0.0,0.0,11213.15638724888,False,2024-11-15,,,
2024-11-19,1,1,0.0003388277383316,0.0003388277383316,0.0,0.0,11216.95571566713,False,2024-11-15,,,
2024-11-20,1,1,0.0053682472463352,0.0053682472463352,0.0,0.0,11277.171107300024,False,2024-11-15,,,
2024-11-21,1,1,0.0030993944534478,0.0030993944534478,0.0,0.0,11312.123508880573,False,2024-11-15,,,
2024-11-22,1,1,0.0033921054211556,0.0033921054211556,0.0,0.0,11350.49542435983,False,2024-11-15,,,
2024-11-25,1,1,0.0052215897150214,0.0052215897150214,0.0,0.0,11409.763054528064,False,2024-11-15,,,
2024-11-26,1,1,-0.0030301917856291,-0.0030301917856291,0.0,0.0,11375.18928424426,False,2024-11-15,,,
2024-11-27,1,1,0.0062121544032733,0.0062121544032733,0.0,0.0,11445.853716444446,False,2024-11-15,,,
2024-11-29,1,1,0.0017923273750353,0.0017923273750353,0.0,0.0,11466.368433391079,False,2024-11-15,,,
2024-12-02,1,1,0.000463842281654,0.000463842281654,0.0,0.0,11471.68701988751,False,2024-11-15,,,
2024-12-03,0,0,0.0062095106190234,-0.0005,0.0005,0.0,11465.951176377566,True,2024-11-15,2024-12-03,18.0,0.02997421523965893
2024-12-04,1,1,-0.0016457396510601,-0.0021457396510600997,0.0005,0.0,11441.348230301293,True,2024-12-04,,,
2024-12-05,0,0,0.0018957974675537,-0.0005,0.0005,0.0,11435.627556186144,True,2024-12-04,2024-12-05,1.0,-0.0026446667812345392
2024-12-06,1,1,-0.0051495705890026,-0.0056495705890026,0.0005,0.0,11371.021171077928,True,2024-12-06,,,
2024-12-09,1,1,-0.0031091967450007,-0.0031091967450007,0.0,0.0,11335.666429065479,False,2024-12-06,,,
2024-12-10,1,1,0.0077306370084988,0.0077306370084988,0.0,0.0,11423.29835147801,False,2024-12-06,,,
2024-12-11,1,1,-0.005152537631705,-0.005152537631705,0.0,0.0,11364.439376843826,False,2024-12-06,,,
2024-12-12,1,1,-0.0001985150947229,-0.0001985150947229,0.0,0.0,11362.18336408446,False,2024-12-06,,,
2024-12-13,1,1,0.0042698498068114,0.0042698498068114,0.0,0.0,11410.698180526551,False,2024-12-06,,,
2024-12-16,1,1,-0.0041199914797734,-0.0041199914797734,0.0,0.0,11363.686201244516,False,2024-12-06,,,
2024-12-17,1,1,-0.0298034611535048,-0.0298034611535048,0.0,0.0,11025.009020985106,False,2024-12-06,,,
2024-12-18,0,0,-0.0003070465047961,-0.0005,0.0005,0.0,11019.496516474614,True,2024-12-06,2024-12-18,12.0,-0.03638899900044601
2024-12-19,1,1,0.0120109061557289,0.0115109061557289,0.0005,0.0,11146.340906759133,True,2024-12-19,,,
2024-12-20,0,0,0.0059882088301455,-0.0005,0.0005,0.0,11140.767736305754,True,2024-12-19,2024-12-20,1.0,0.011005150702650957
2024-12-23,0,0,0.0111150988339354,0.0,0.0,0.0,11140.767736305754,False,2024-12-19,,,
2024-12-24,1,1,6.659179477574995e-05,-0.00043340820522425006,0.0005,0.0,11135.939236156342,True,2024-12-24,,,
2024-12-26,1,1,-0.0105263777312044,-0.0105263777312044,0.0,0.0,11018.718133364822,False,2024-12-24,,,
2024-12-27,0,0,-0.0114118969897311,-0.0005,0.0005,0.0,11013.20877429814,True,2024-12-24,2024-12-27,3.0,-0.011449746106089398
2024-12-30,1,1,-0.0036378196891436,-0.0041378196891436,0.0005,0.0,10967.6381021912,True,2024-12-30,,,
2024-12-31,1,1,-0.0024571239965799,-0.0024571239965799,0.0,0.0,10940.689255424502,False,2024-12-30,,,
2025-01-02,1,1,0.012503510745669,0.012503510745669,0.0,0.0,11077.486281094729,False,2024-12-30,,,
2025-01-03,1,1,0.0057605099049664,0.0057605099049664,0.0,0.0,11141.298250539105,False,2024-12-30,,,
2025-01-06,1,1,-0.011304045433904,-0.011304045433904,0.0,0.0,11015.356508922336,False,2024-12-30,,,
2025-01-07,1,1,0.0014609060507264,0.0014609060507264,0.0,0.0,11031.44890989713,False,2024-12-30,,,
2025-01-08,1,1,-0.0152674296063698,-0.0152674296063698,0.0,0.0,10863.02704020901,False,2024-12-30,,,
2025-01-10,1,1,0.0015505849049237,0.0015505849049237,0.0,0.0,10879.871085959338,False,2024-12-30,,,
2025-01-13,1,1,0.0013759502770052,0.0013759502770052,0.0,0.0,10894.841247593844,False,2024-12-30,,,
2025-01-14,1,1,0.0181899222119736,0.0181899222119736,0.0,0.0,11093.017562399378,False,2024-12-30,,,
2025-01-15,1,1,-0.0019231018964384,-0.0019231018964384,0.0,0.0,11071.684559287904,False,2024-12-30,,,
2025-01-16,0,0,0.0100400061991927,-0.0005,0.0005,0.0,11066.14871700826,True,2024-12-30,2025-01-16,17.0,0.004806949890359569
2025-01-17,1,1,0.0091533756072252,0.0086533756072252,0.0005,0.0,11161.908258381945,True,2025-01-17,,,
2025-01-21,1,1,0.0056215383319879,0.0056215383319879,0.0,0.0,11224.655353514572,False,2025-01-17,,,
2025-01-22,1,1,0.0054579561711285,0.0054579561711285,0.0,0.0,11285.919030470079,False,2025-01-17,,,
2025-01-23,0,0,-0.0029191634446454,-0.0005,0.0005,0.0,11280.276070954844,True,2025-01-17,2025-01-23,6.0,0.019349762905090717
2025-01-24,0,0,-0.0141454583328227,0.0,0.0,0.0,11280.276070954844,False,2025-01-17,,,
2025-01-27,1,1,0.0085924197825555,0.0080924197825555,0.0005,0.0,11371.560800184126,True,2025-01-27,,,
2025-01-28,0,0,-0.0044828644654661,-0.0005,0.0005,0.0,11365.875019784035,True,2025-01-27,2025-01-28,1.0,0.0075883735726642865
2025-01-29,1,1,0.0053669791111989,0.0048669791111988995,0.0005,0.0,11421.19249608582,True,2025-01-29,,,
2025-01-30,0,0,-0.005321809023117,-0.0005,0.0005,0.0,11415.481899837778,True,2025-01-29,2025-01-30,1.0,0.004364545621643234
2025-01-31,1,1,-0.0067295527093108,-0.0072295527093107995,0.0005,0.0,11332.953071740718,True,2025-01-31,,,
2025-02-03,0,0,0.0067082652362124,-0.0005,0.0005,0.0,11327.286595204849,True,2025-01-31,2025-02-03,3.0,-0.007725937932955951
2025-02-04,0,0,0.0040545262235094,0.0,0.0,0.0,11327.286595204849,False,2025-01-31,,,
2025-02-05,0,0,0.0034757319339304,0.0,0.0,0.0,11327.286595204849,False,2025-01-31,,,
2025-02-06,0,0,-0.0091535120766462,0.0,0.0,0.0,11327.286595204849,False,2025-01-31,,,
2025-02-07,0,0,0.0067911202486055,0.0,0.0,0.0,11327.286595204849,False,2025-01-31,,,
2025-02-10,0,0,0.0007604384781254,0.0,0.0,0.0,11327.286595204849,False,2025-01-31,,,
2025-02-11,0,0,-0.0032214850727226,0.0,0.0,0.0,11327.286595204849,False,2025-01-31,,,
2025-02-12,0,0,0.0105575013882512,0.0,0.0,0.0,11327.286595204849,False,2025-01-31,,,
2025-02-13,0,0,-4.907515727980982e-05,0.0,0.0,0.0,11327.286595204849,False,2025-01-31,,,
2025-02-14,0,0,0.002935795547341,0.0,0.0,0.0,11327.286595204849,False,2025-01-31,,,
2025-02-18,0,0,0.0023549188372289,0.0,0.0,0.0,11327.286595204849,False,2025-01-31,,,
2025-02-19,0,0,-0.0041601435479439,0.0,0.0,0.0,11327.286595204849,False,2025-01-31,,,
2025-02-20,0,0,-0.0171043077790874,0.0,0.0,0.0,11327.286595204849,False,2025-01-31,,,
2025-02-21,1,1,-0.0045505103440397,-0.005050510344039701,0.0005,0.0,11270.078017085865,True,2025-02-21,,,
2025-02-24,0,0,-0.0049729755576796,-0.0005,0.0005,0.0,11264.442978077323,True,2025-02-21,2025-02-24,3.0,-0.0055479850888675575
2025-02-25,1,1,0.0005046930393417,4.6930393416999864e-06,0.0005,0.0,11264.495842551381,True,2025-02-25,,,
2025-02-26,0,0,-0.0159619111900132,-0.0005,0.0005,0.0,11258.863594630106,True,2025-02-25,2025-02-26,1.0,-0.0004953093071778936
2025-02-27,0,0,0.0156055966610777,0.0,0.0,0.0,11258.863594630106,False,2025-02-25,,,
2025-02-28,0,0,-0.0175199776663043,0.0,0.0,0.0,11258.863594630106,False,2025-02-25,,,
2025-03-03,0,0,-0.0118367616486667,0.0,0.0,0.0,11258.863594630106,False,2025-02-25,,,
2025-03-04,0,0,0.0107477308373027,0.0,0.0,0.0,11258.863594630106,False,2025-02-25,,,
2025-03-05,0,0,-0.0177510502483798,0.0,0.0,0.0,11258.863594630106,False,2025-02-25,,,
2025-03-06,0,0,0.0056048852373542,0.0,0.0,0.0,11258.863594630106,False,2025-02-25,,,
2025-03-07,0,0,-0.0266356165730233,0.0,0.0,0.0,11258.863594630106,False,2025-02-25,,,
2025-03-10,0,0,-0.0083128902567809,0.0,0.0,0.0,11258.863594630106,False,2025-02-25,,,
2025-03-11,0,0,0.0053063762836984,0.0,0.0,0.0,11258.863594630106,False,2025-02-25,,,
2025-03-12,0,0,-0.013330437810785,0.0,0.0,0.0,11258.863594630106,False,2025-02-25,,,
2025-03-13,0,0,0.0206559061352682,0.0,0.0,0.0,11258.863594630106,False,2025-02-25,,,
2025-03-14,1,1,0.0077113367901799,0.007211336790179899,0.0005,0.0,11340.055051885678,True,2025-03-14,,,
2025-03-17,1,1,-0.0108084878986289,-0.0108084878986289,0.0,0.0,11217.486204087587,False,2025-03-14,,,
2025-03-18,1,1,0.0108909566507349,0.0108909566507349,0.0,0.0,11339.655360066521,False,2025-03-14,,,
2025-03-19,1,1,-0.002891808087189,-0.002891808087189,0.0,0.0,11306.863252990344,False,2025-03-14,,,
2025-03-20,1,1,0.0003297821736047,0.0003297821736047,0.0,0.0,11310.592054930568,False,2025-03-14,,,
2025-03-21,1,1,0.0179085994617893,0.0179085994617893,0.0,0.0,11513.148917718017,False,2025-03-14,,,
2025-03-24,1,1,0.0024038215328545,0.0024038215328545,0.0,0.0,11540.824472997389,False,2025-03-14,,,
2025-03-25,0,0,-0.0119382283052257,-0.0005,0.0005,0.0,11535.054060760891,True,2025-03-14,2025-03-25,11.0,0.024530936342679777
2025-03-26,0,0,-0.0026557358811503,0.0,0.0,0.0,11535.054060760891,False,2025-03-14,,,
2025-03-27,0,0,-0.020138321487112,0.0,0.0,0.0,11535.054060760891,False,2025-03-14,,,
2025-03-28,1,1,0.0067126892371522,0.006212689237152199,0.0005,0.0,11606.717766974149,True,2025-03-28,,,
2025-03-31,1,1,0.0028246643463605,0.0028246643463605,0.0,0.0,11639.50284882879,False,2025-03-28,,,
2025-04-01,1,1,0.0063282975946048,0.0063282975946048,0.0,0.0,11713.16108670943,False,2025-03-28,,,
2025-04-02,0,0,-0.0492808010899953,-0.0005,0.0005,0.0,11707.304506166076,True,2025-03-28,2025-04-02,5.0,0.014932781805603756
2025-04-03,0,0,-0.0585429925452879,0.0,0.0,0.0,11707.304506166076,False,2025-03-28,,,
2025-04-04,1,1,-0.0017811884523963,-0.0022811884523963,0.0005,0.0,11680.597938317922,True,2025-04-04,,,
2025-04-07,0,0,-0.015662754316898,-0.0005,0.0005,0.0,11674.757639348763,True,2025-04-04,2025-04-07,3.0,-0.0027800478581700983
2025-04-08,1,1,0.1050193779894761,0.1045193779894761,0.0005,0.0,12894.996045991382,True,2025-04-08,,,
2025-04-09,0,0,-0.0438190625732607,-0.0005,0.0005,0.0,12888.548547968387,True,2025-04-08,2025-04-09,1.0,0.10396711830048155
2025-04-10,0,0,0.0178427757736292,0.0,0.0,0.0,12888.548547968387,False,2025-04-08,,,
2025-04-11,0,0,0.0097015069839558,0.0,0.0,0.0,12888.548547968387,False,2025-04-08,,,
2025-04-14,0,0,-0.002801021721982,0.0,0.0,0.0,12888.548547968387,False,2025-04-08,,,
2025-04-15,0,0,-0.022227965823144,0.0,0.0,0.0,12888.548547968387,False,2025-04-08,,,
2025-04-16,1,1,0.0014268350248789,0.0009268350248788999,0.0005,0.0,12900.494106182497,True,2025-04-16,,,
2025-04-17,1,1,-0.023802707123928,-0.023802707123928,0.0,0.0,12593.427423219076,False,2025-04-16,,,
2025-04-21,1,1,0.0260177597421915,0.0260177597421915,0.0,0.0,12921.080192247116,False,2025-04-16,,,
2025-04-22,1,1,0.0154953629188225,0.0154953629188225,0.0,0.0,13121.297019129195,False,2025-04-16,,,
2025-04-23,1,1,0.0210490309818542,0.0210490309818542,0.0,0.0,13397.487606606957,False,2025-04-16,,,
2025-04-24,0,0,0.0072253113119784,-0.0005,0.0005,0.0,13390.788862803654,True,2025-04-16,2025-04-24,8.0,0.03896794995697439
2025-04-25,0,0,0.0003812727631191,0.0,0.0,0.0,13390.788862803654,False,2025-04-16,,,
2025-04-28,0,0,0.0062993895443885,0.0,0.0,0.0,13390.788862803654,False,2025-04-16,,,
2025-04-29,0,0,0.0003968300935219,0.0,0.0,0.0,13390.788862803654,False,2025-04-16,,,
2025-04-30,1,1,0.0070869804748643,0.0065869804748643,0.0005,0.0,13478.993727585974,True,2025-04-30,,,
2025-05-01,0,0,0.0148442473388079,-0.0005,0.0005,0.0,13472.254230722181,True,2025-04-30,2025-05-01,1.0,0.006083686984627024
2025-05-02,0,0,-0.0057343241711991,0.0,0.0,0.0,13472.254230722181,False,2025-04-30,,,
2025-05-05,0,0,-0.0083585453495019,0.0,0.0,0.0,13472.254230722181,False,2025-04-30,,,
2025-05-06,0,0,0.0042056387902336,0.0,0.0,0.0,13472.254230722181,False,2025-04-30,,,
2025-05-07,0,0,0.006967652273661,0.0,0.0,0.0,13472.254230722181,False,2025-04-30,,,
2025-05-08,1,1,-0.0012740024202869,-0.0017740024202869001,0.0005,0.0,13448.35441911016,True,2025-05-08,,,
2025-05-09,1,1,0.0330474294146709,0.0330474294146709,0.0,0.0,13892.78796251918,False,2025-05-08,,,
2025-05-12,1,1,0.0066038608215337,0.0066038608215337,0.0,0.0,13984.534000646736,False,2025-05-08,,,
2025-05-13,1,1,0.0012780826440004,0.0012780826440004,0.0,0.0,14002.407390837396,False,2025-05-08,,,
2025-05-14,0,0,0.0048842851346415,-0.0005,0.0005,0.0,13995.406187141978,True,2025-05-08,2025-05-14,6.0,0.03883180553606236
2025-05-15,0,0,0.0063340439294972,0.0,0.0,0.0,13995.406187141978,False,2025-05-08,,,
2025-05-16,0,0,0.0010939238063631,0.0,0.0,0.0,13995.406187141978,False,2025-05-08,,,
2025-05-19,0,0,-0.0033622573759429,0.0,0.0,0.0,13995.406187141978,False,2025-05-08,,,
2025-05-20,0,0,-0.0168508797471333,0.0,0.0,0.0,13995.406187141978,False,2025-05-08,,,
2025-05-21,1,1,0.0003948143188683,-0.00010518568113170002,0.0005,0.0,13993.934070809468,True,2025-05-21,,,
2025-05-22,1,1,-0.0068257451089891,-0.0068257451089891,0.0,0.0,13898.415043770123,False,2025-05-21,,,
2025-05-23,1,1,0.0207904687426354,0.0207904687426354,0.0,0.0,14187.3696073098,False,2025-05-21,,,
2025-05-27,0,0,-0.0057852429451289,-0.0005,0.0005,0.0,14180.275922506145,True,2025-05-21,2025-05-27,6.0,0.013209315463384996
2025-05-28,1,1,0.0039473365509063,0.0034473365509063,0.0005,0.0,14229.160105995736,True,2025-05-28,,,
2025-05-29,1,1,-0.00111840103268,-0.00111840103268,0.0,0.0,14213.24619863902,False,2025-05-28,,,
2025-05-30,1,1,0.0056329207040395,0.0056329207040395,0.0,0.0,14293.308287422946,False,2025-05-28,,,
2025-06-02,1,1,0.0057024522486979,0.0057024522486979,0.0,0.0,14374.815195407893,False,2025-05-28,,,
2025-06-03,1,1,-0.0002684085986693,-0.0002684085986693,0.0,0.0,14370.956871405164,False,2025-05-28,,,
2025-06-04,1,1,-0.0048328596233543,-0.0048328596233543,0.0,0.0,14301.504054192383,False,2025-05-28,,,
2025-06-05,1,1,0.0102690309737645,0.0102690309737645,0.0,0.0,14448.366642296303,False,2025-05-28,,,
2025-06-06,1,1,0.0009013320810069,0.0009013320810069,0.0,0.0,14461.389418669156,False,2025-05-28,,,
2025-06-09,1,1,0.0056697178052858,0.0056697178052858,0.0,0.0,14543.381415745356,False,2025-05-28,,,
2025-06-10,1,1,-0.0028520773519503,-0.0028520773519503,0.0,0.0,14501.902566988734,False,2025-05-28,,,
2025-06-11,0,0,0.0039742753822695,-0.0005,0.0005,0.0,14494.651615705241,True,2025-05-28,2025-06-11,14.0,0.02216992778681659
2025-06-12,1,1,-0.0111799572693864,-0.0116799572693864,0.0005,0.0,14325.35470419916,True,2025-06-12,,,
2025-06-13,0,0,0.0095140315065724,-0.0005,0.0005,0.0,14318.192026847062,True,2025-06-12,2025-06-13,1.0,-0.012174117290751685
2025-06-16,0,0,-0.0085449668804867,0.0,0.0,0.0,14318.192026847062,False,2025-06-12,,,
2025-06-17,1,1,-0.0001508166576998,-0.0006508166576998,0.0005,0.0,14308.873508967845,True,2025-06-17,,,
2025-06-18,1,1,-0.0023484742531844,-0.0023484742531844,0.0,0.0,14275.26948793996,False,2025-06-17,,,
2025-06-20,1,1,0.0098774857395875,0.0098774857395875,0.0,0.0,14416.273258735857,False,2025-06-17,,,
2025-06-23,1,1,0.0110471860395073,0.0110471860395073,0.0,0.0,14575.532511421487,False,2025-06-17,,,
2025-06-24,1,1,0.0005603844216792,0.0005603844216792,0.0,0.0,14583.700412778568,False,2025-06-17,,,
2025-06-25,0,0,0.00782380972807,-0.0005,0.0005,0.0,14576.40856257218,True,2025-06-17,2025-06-25,8.0,0.018034157890951086
2025-06-26,1,1,0.0049683222933454,0.0044683222933454,0.0005,0.0,14641.540653909233,True,2025-06-26,,,
2025-06-27,1,1,0.0047810789702977,0.0047810789702977,0.0,0.0,14711.543016022399,False,2025-06-26,,,
2025-06-30,1,1,-0.0003235144354958,-0.0003235144354958,0.0,0.0,14706.783619488298,False,2025-06-26,,,
2025-07-01,0,0,0.0045333654920893,-0.0005,0.0005,0.0,14699.430227678555,True,2025-06-26,2025-07-01,5.0,0.008439778878197579
2025-07-02,1,1,0.0078813994596407,0.007381399459640699,0.0005,0.0,14807.932594018168,True,2025-07-02,,,
2025-07-03,1,1,-0.007452168554898,-0.007452168554898,0.0,0.0,14697.581384377976,False,2025-07-02,,,
2025-07-07,1,1,-0.0005476359239223,-0.0005476359239223,0.0,0.0,14689.53246081712,False,2025-07-02,,,
2025-07-08,1,1,0.0059966560783442,0.0059966560783442,0.0,0.0,14777.620534936314,False,2025-07-02,,,
2025-07-09,1,1,0.002820258275139,0.002820258275139,0.0,0.0,14819.297241536833,False,2025-07-02,,,
2025-07-10,1,1,-0.0035153098751226,-0.0035153098751226,0.0,0.0,14767.202819601282,False,2025-07-02,,,
2025-07-11,1,1,0.0019080849682644,0.0019080849682644,0.0,0.0,14795.379897324676,False,2025-07-02,,,
2025-07-14,1,1,-0.0042733109576953,-0.0042733109576953,0.0,0.0,14732.154638286172,False,2025-07-02,,,
2025-07-15,1,1,0.0033432737161649,0.0033432737161649,0.0,0.0,14781.408263670832,False,2025-07-02,,,
2025-07-16,1,1,0.0061196378775145,0.0061196378775145,0.0,0.0,14871.8651295642,False,2025-07-02,,,
2025-07-17,1,1,-0.0007323346017438,-0.0007323346017438,0.0,0.0,14860.973948137353,False,2025-07-02,,,
2025-07-18,1,1,0.0018961434921311,0.0018961434921311,0.0,0.0,14889.152487175845,False,2025-07-02,,,
2025-07-21,1,1,0.0001431954391026,0.0001431954391026,0.0,0.0,14891.284545904113,False,2025-07-02,,,
2025-07-22,1,1,0.0085073782196083,0.0085073782196083,0.0,0.0,15017.970335711927,False,2025-07-02,,,
2025-07-23,1,1,0.000331126987735,0.000331126987735,0.0,0.0,15022.943190991085,False,2025-07-02,,,
2025-07-24,1,1,0.0042243381524911,0.0042243381524911,0.0,0.0,15086.405183075496,False,2025-07-02,,,
2025-07-25,1,1,-0.0002510690047468,-0.0002510690047468,0.0,0.0,15082.617454340974,False,2025-07-02,,,
2025-07-28,1,1,-0.0026375648019045,-0.0026375648019045,0.0,0.0,15042.836073422815,False,2025-07-02,,,
2025-07-29,1,1,-0.001259466642834,-0.001259466642834,0.0,0.0,15023.890123174719,False,2025-07-02,,,
2025-07-30,1,1,-0.003751164153554,-0.003751164153554,0.0,0.0,14967.53304509773,False,2025-07-02,,,
2025-07-31,1,1,-0.0163905152536356,-0.0163905152536356,0.0,0.0,14722.207466412763,False,2025-07-02,,,
2025-08-01,1,1,0.0151999641872668,0.0151999641872668,0.0,0.0,14945.98449265975,False,2025-07-02,,,
2025-08-04,1,1,-0.0050700236210009,-0.0050700236210009,0.0,0.0,14870.207998242851,False,2025-07-02,,,
2025-08-05,1,1,0.007659758716372,0.007659758716372,0.0,0.0,14984.110203571658,False,2025-07-02,,,
2025-08-06,1,1,-0.0008376363499652,-0.0008376363499652,0.0,0.0,14971.558968193262,False,2025-07-02,,,
2025-08-07,1,1,0.0077974564637866,0.0077974564637866,0.0,0.0,15088.299047442762,False,2025-07-02,,,
2025-08-08,0,0,-0.0019774044951013,-0.0005,0.0005,0.0,15080.754897919041,True,2025-07-02,2025-08-08,37.0,0.02594145924938407
2025-08-11,1,1,0.0106459807696153,0.0101459807696153,0.0005,0.0,15233.763947104611,True,2025-08-11,,,
2025-08-12,1,1,0.003423228406564,0.003423228406564,0.0,0.0,15285.912600587231,False,2025-08-11,,,
2025-08-13,1,1,9.29178689290655e-05,9.29178689290655e-05,0.0,0.0,15287.332935010714,False,2025-08-11,,,
2025-08-14,1,1,-0.0023412936104089,-0.0023412936104089,0.0,0.0,15251.54080008978,False,2025-08-11,,,
2025-08-15,1,1,-0.000217520760141,-0.000217520760141,0.0,0.0,15248.223273341622,False,2025-08-11,,,
2025-08-18,1,1,-0.005425292366708,-0.005425292366708,0.0,0.0,15165.497204010902,False,2025-08-11,,,
2025-08-19,1,1,-0.0026569846084518,-0.0026569846084518,0.0,0.0,15125.202711360327,False,2025-08-11,,,
2025-08-20,0,0,-0.0040117130958806,-0.0005,0.0005,0.0,15117.640110004648,True,2025-08-11,2025-08-20,9.0,0.002445846533232654
2025-08-21,1,1,0.0153567344506935,0.0148567344506935,0.0005,0.0,15342.238874640141,True,2025-08-21,,,
2025-08-22,1,1,-0.0044010200352035,-0.0044010200352035,0.0,0.0,15274.717373967973,False,2025-08-21,,,
2025-08-25,1,1,0.0041869687585276,0.0041869687585276,0.0,0.0,15338.672138408116,False,2025-08-21,,,
2025-08-26,1,1,0.0022785484055947,0.0022785484055947,0.0,0.0,15373.622045353026,False,2025-08-21,,,
2025-08-27,1,1,0.0035413241328445,0.0035413241328445,0.0,0.0,15428.065024111465,False,2025-08-21,,,
2025-08-28,1,1,-0.0059636393929621,-0.0059636393929621,0.0,0.0,15336.057607776494,False,2025-08-21,,,
2025-08-29,1,1,-0.0074102519726757,-0.0074102519726757,0.0,0.0,15222.4135566354,False,2025-08-21,,,
2025-09-02,0,0,0.0054195456406531,-0.0005,0.0005,0.0,15214.802349857084,True,2025-08-21,2025-09-02,12.0,0.0064270771856869136
2025-09-03,0,0,0.0083574167472162,0.0,0.0,0.0,15214.802349857084,False,2025-08-21,,,
2025-09-04,1,1,-0.0028962888998979,-0.0033962888998979,0.0005,0.0,15163.128485522124,True,2025-09-04,,,
2025-09-05,1,1,0.0024566730815143,0.0024566730815143,0.0,0.0,15200.37933510405,False,2025-09-04,,,
2025-09-08,0,0,0.0023117892883861,-0.0005,0.0005,0.0,15192.779145436498,True,2025-09-04,2025-09-08,4.0,-0.0014474854102060064
2025-09-09,0,0,0.002890805295761,0.0,0.0,0.0,15192.779145436498,False,2025-09-04,,,
2025-09-10,1,1,0.0083102904575622,0.007810290457562199,0.0005,0.0,15311.43916341995,True,2025-09-10,,,
2025-09-11,1,1,-0.0003347242484962,-0.0003347242484962,0.0,0.0,15306.314053452577,False,2025-09-10,,,
2025-09-12,1,1,0.0053240571686796,0.0053240571686796,0.0,0.0,15387.805744514924,False,2025-09-10,,,
2025-09-15,1,1,-0.0013768848246955,-0.0013768848246955,0.0,0.0,15366.61850829994,False,2025-09-10,,,
2025-09-16,1,1,-0.0012424570616919,-0.0012424570616919,0.0,0.0,15347.526144619977,False,2025-09-10,,,
2025-09-17,1,1,0.0046724059178502,0.0046724059178502,0.0,0.0,15419.236016602461,False,2025-09-10,,,
2025-09-18,1,1,0.0049529620955317,0.0049529620955317,0.0,0.0,15495.60690813475,False,2025-09-10,,,
2025-09-19,1,1,0.0047309566292503,0.0047309566292503,0.0,0.0,15568.915952361049,False,2025-09-10,,,
2025-09-22,1,1,-0.0054433788650938,-0.0054433788650938,0.0,0.0,15484.168444313544,False,2025-09-10,,,
2025-09-23,1,1,-0.0031817570232213,-0.0031817570232213,0.0,0.0,15434.901582617107,False,2025-09-10,,,
2025-09-24,1,1,-0.0046133749054336,-0.0046133749054336,0.0,0.0,15363.694594988025,False,2025-09-10,,,
2025-09-25,1,1,0.0057290340826092,0.0057290340826092,0.0,0.0,15451.713724957512,False,2025-09-10,,,
2025-09-26,0,0,0.0028104467833012,-0.0005,0.0005,0.0,15443.987868095033,True,2025-09-10,2025-09-26,16.0,0.016534744581868877
2025-09-29,1,1,0.0037668347553583,0.0032668347553583,0.0005,0.0,15494.440824423858,True,2025-09-29,,,
2025-09-30,1,1,0.0034075722246513,0.0034075722246513,0.0,0.0,15547.23925061367,False,2025-09-29,,,
2025-10-01,1,1,0.0011517326256851,0.0011517326256851,0.0,0.0,15565.145513297934,False,2025-09-29,,,
2025-10-02,0,0,-1.4805406382656372e-05,-0.0005,0.0005,0.0,15557.362940541285,True,2025-09-29,2025-10-02,3.0,0.007341049048637638
2025-10-03,1,1,0.0035862719664676,0.0030862719664676,0.0005,0.0,15605.377193656837,True,2025-10-03,,,
2025-10-06,1,1,-0.0037075138893177,-0.0037075138893177,0.0,0.0,15547.520040963313,False,2025-10-03,,,
2025-10-07,1,1,0.0059630552695713,0.0059630552695713,0.0,0.0,15640.230762272344,False,2025-10-03,,,
2025-10-08,0,0,-0.0028969747249332,-0.0005,0.0005,0.0,15632.410646891209,True,2025-10-03,2025-10-08,5.0,0.004823934919867101
2025-10-09,1,1,-0.0270278621788456,-0.0275278621788456,0.0005,0.0,15202.08380108047,True,2025-10-09,,,
2025-10-10,1,1,0.0153441181351683,0.0153441181351683,0.0,0.0,15435.346370824976,False,2025-10-09,,,
2025-10-13,1,1,-0.0012216462876413,-0.0012216462876413,0.0,0.0,15416.4898372326,False,2025-10-09,,,
2025-10-14,1,1,0.0044395299096053,0.0044395299096053,0.0,0.0,15484.931804966121,False,2025-10-09,,,
2025-10-15,1,1,-0.0068101345623303,-0.0068101345623303,0.0,0.0,15379.477335685795,False,2025-10-09,,,
2025-10-16,1,1,0.0056762051642531,0.0056762051642531,0.0,0.0,15466.77440436213,False,2025-10-09,,,
2025-10-17,1,1,0.0104005002629232,0.0104005002629232,0.0,0.0,15627.636595621272,False,2025-10-09,,,
2025-10-20,1,1,-1.494287878323064e-05,-1.494287878323064e-05,0.0,0.0,15627.403073741956,False,2025-10-09,,,
2025-10-21,0,0,-0.005198916065879,-0.0005,0.0005,0.0,15619.589372205086,True,2025-10-09,2025-10-21,12.0,-0.0008201725873080434
2025-10-22,1,1,0.0059299627059643,0.005429962705964299,0.0005,0.0,15704.403159978638,True,2025-10-22,,,
2025-10-23,0,0,0.0081725546944804,-0.0005,0.0005,0.0,15696.55095839865,True,2025-10-22,2025-10-23,1.0,0.004927247724611616
2025-10-24,0,0,0.0117976644927846,0.0,0.0,0.0,15696.55095839865,False,2025-10-22,,,
2025-10-27,0,0,0.0026560160190798,0.0,0.0,0.0,15696.55095839865,False,2025-10-22,,,
2025-10-28,0,0,0.000480370638686,0.0,0.0,0.0,15696.55095839865,False,2025-10-22,,,
2025-10-29,0,0,-0.0109981871425081,0.0,0.0,0.0,15696.55095839865,False,2025-10-22,,,
2025-10-30,0,0,0.0032802220875831,0.0,0.0,0.0,15696.55095839865,False,2025-10-22,,,
2025-10-31,1,1,0.0018767398754619,0.0013767398754619,0.0005,0.0,15718.161026010295,True,2025-10-31,,,
2025-11-03,0,0,-0.011853547360019,-0.0005,0.0005,0.0,15710.301945497291,True,2025-10-31,2025-11-03,3.0,0.0008760515055241669
2025-11-04,1,1,0.0034654763403132,0.0029654763403132,0.0005,0.0,15756.890474215841,True,2025-11-04,,,
2025-11-05,1,1,-0.0107294537191834,-0.0107294537191834,0.0,0.0,15587.8276471145,False,2025-11-04,,,
2025-11-06,1,1,0.000984565078659,0.000984565078659,0.0,0.0,15603.174877868005,False,2025-11-04,,,
2025-11-07,1,1,0.0156043703463399,0.0156043703463399,0.0,0.0,15846.652597240965,False,2025-11-04,,,
2025-11-10,0,0,0.0022891770278539,-0.0005,0.0005,0.0,15838.729270942345,True,2025-11-04,2025-11-10,6.0,0.008174720377151168
2025-11-11,0,0,0.0005563903663643,0.0,0.0,0.0,15838.729270942345,False,2025-11-04,,,
2025-11-12,0,0,-0.0165939964147862,0.0,0.0,0.0,15838.729270942345,False,2025-11-04,,,
2025-11-13,0,0,-0.0001635496688257,0.0,0.0,0.0,15838.729270942345,False,2025-11-04,,,
2025-11-14,0,0,-0.0093166205734077,0.0,0.0,0.0,15838.729270942345,False,2025-11-04,,,
2025-11-17,0,0,-0.0083974616706855,0.0,0.0,0.0,15838.729270942345,False,2025-11-04,,,
2025-11-18,0,0,0.0038631766432766,0.0,0.0,0.0,15838.729270942345,False,2025-11-04,,,
2025-11-19,0,0,-0.015242227316648,0.0,0.0,0.0,15838.729270942345,False,2025-11-04,,,
2025-11-20,0,0,0.009961138168965,0.0,0.0,0.0,15838.729270942345,False,2025-11-04,,,
2025-11-21,0,0,0.0147186068762346,0.0,0.0,0.0,15838.729270942345,False,2025-11-04,,,
2025-11-24,1,1,0.0094058360392934,0.008905836039293399,0.0005,0.0,15979.786396900114,True,2025-11-24,,,
2025-11-25,0,0,0.0069035824180052,-0.0005,0.0005,0.0,15971.796503701664,True,2025-11-24,2025-11-25,1.0,0.008401383121273698
2025-11-26,0,0,0.0054584342293309,0.0,0.0,0.0,15971.796503701664,False,2025-11-24,,,
2025-11-28,1,1,-0.0045654703011644,-0.0050654703011644,0.0005,0.0,15890.891842855921,True,2025-11-28,,,
2025-12-01,0,0,0.0018522768711999,-0.0005,0.0005,0.0,15882.946396934494,True,2025-11-28,2025-12-01,3.0,-0.005562937566013781
2025-12-02,0,0,0.0034627490803595,0.0,0.0,0.0,15882.946396934494,False,2025-11-28,,,
2025-12-03,0,0,0.0007311397879883,0.0,0.0,0.0,15882.946396934494,False,2025-11-28,,,
2025-12-04,0,0,0.0018993947528218,0.0,0.0,0.0,15882.946396934494,False,2025-11-28,,,
2025-12-05,0,0,-0.003004209105806,0.0,0.0,0.0,15882.946396934494,False,2025-11-28,,,
2025-12-08,0,0,-0.0008631180942337,0.0,0.0,0.0,15882.946396934494,False,2025-11-28,,,
2025-12-09,1,1,0.0066322352527572,0.0061322352527572,0.0005,0.0,15980.344360747431,True,2025-12-09,,,
2025-12-10,1,1,0.0023269460314641,0.0023269460314641,0.0,0.0,16017.529759639103,False,2025-12-09,,,
2025-12-11,1,1,-0.0107520755752826,-0.0107520755752826,0.0,0.0,15845.308069134126,False,2025-12-09,,,
2025-12-12,1,1,-0.0015108085502177,-0.0015108085502177,0.0,0.0,15821.368842222444,False,2025-12-09,,,
2025-12-15,0,0,-0.0027322851452302,-0.0005,0.0005,0.0,15813.458157801333,True,2025-12-09,2025-12-15,6.0,-0.004375021951001035
2025-12-16,0,0,-0.0110035939834002,0.0,0.0,0.0,15813.458157801333,False,2025-12-09,,,
2025-12-17,0,0,0.0075512627097522,0.0,0.0,0.0,15813.458157801333,False,2025-12-09,,,
2025-12-18,0,0,0.009063506223587,0.0,0.0,0.0,15813.458157801333,False,2025-12-09,,,
2025-12-19,0,0,0.0062298038504335,0.0,0.0,0.0,15813.458157801333,False,2025-12-09,,,
2025-12-22,0,0,0.0045704923473306,0.0,0.0,0.0,15813.458157801333,False,2025-12-09,,,
2025-12-23,0,0,0.0035176743962448,0.0,0.0,0.0,15813.458157801333,False,2025-12-09,,,
2025-12-24,0,0,-0.0001014096654521,0.0,0.0,0.0,15813.458157801333,False,2025-12-09,,,
2025-12-26,0,0,-0.0035636535074947,0.0,0.0,0.0,15813.458157801333,False,2025-12-09,,,
2025-12-29,0,0,-0.001221213613365,0.0,0.0,0.0,15813.458157801333,False,2025-12-09,,,
2025-12-30,0,0,-0.0074088529688375,0.0,0.0,0.0,15813.458157801333,False,2025-12-09,,,
2025-12-31,0,0,0.0018329931020035,0.0,0.0,0.0,15813.458157801333,False,2025-12-09,,,
2026-01-02,0,0,0.0066602071082446,0.0,0.0,0.0,15813.458157801333,False,2025-12-09,,,
2026-01-05,0,0,0.005947158299371,0.0,0.0,0.0,15813.458157801333,False,2025-12-09,,,
2026-01-06,1,1,-0.0032234122811981,-0.0037234122811981,0.0005,0.0,15754.578133488363,True,2026-01-06,,,
2026-01-07,1,1,-0.0001015273142732,-0.0001015273142732,0.0,0.0,15752.978613482963,False,2026-01-06,,,
2026-01-08,1,1,0.0066133829968886,0.0066133829968886,0.0,0.0,15857.159094395722,False,2026-01-06,,,
2026-01-09,0,0,0.0015704330006638,-0.0005,0.0005,0.0,15849.230514848525,True,2026-01-06,2026-01-09,3.0,0.002262146374956142
2026-01-12,1,1,-0.0019995067653818,-0.0024995067653818,0.0005,0.0,15809.615255950564,True,2026-01-12,,,
2026-01-13,1,1,-0.0049152529031389,-0.0049152529031389,0.0,0.0,15731.906998666245,False,2026-01-12,,,
2026-01-14,1,1,0.0027232975079871,0.0027232975079871,0.0,0.0,15774.749661791599,False,2026-01-12,,,
2026-01-15,1,1,-0.000837905189162,-0.000837905189162,0.0,0.0,15761.531917192251,False,2026-01-12,,,
2026-01-16,0,0,-0.0203568000114973,-0.0005,0.0005,0.0,15753.651151233656,True,2026-01-12,2026-01-16,4.0,-0.006030536531431152
2026-01-20,0,0,0.0115411092816613,0.0,0.0,0.0,15753.651151233656,False,2026-01-12,,,
2026-01-21,1,1,0.0052232576727144,0.0047232576727144,0.0005,0.0,15828.059704906986,True,2026-01-21,,,
2026-01-22,0,0,0.0003627351889736,-0.0005,0.0005,0.0,15820.145675054533,True,2026-01-21,2026-01-22,1.0,0.004220896043878097
2026-01-23,1,1,0.0050782317618727,0.004578231761872701,0.0005,0.0,15892.573968461522,True,2026-01-23,,,
2026-01-26,1,1,0.0039841653784709,0.0039841653784709,0.0,0.0,15955.892611441453,False,2026-01-23,,,
2026-01-27,1,1,-0.0001006645803248,-0.0001006645803248,0.0,0.0,15954.286418208016,False,2026-01-23,,,
2026-01-28,1,1,-0.0019843771548337,-0.0019843771548337,0.0,0.0,15922.62709671805,False,2026-01-23,,,
2026-01-29,1,1,-0.0029824841055743,-0.0029824841055743,0.0,0.0,15875.138114483101,False,2026-01-23,,,
2026-01-30,1,1,0.0049712227370615,0.0049712227370615,0.0,0.0,15954.056962031811,False,2026-01-23,,,
2026-02-02,1,1,-0.0084553859011725,-0.0084553859011725,0.0,0.0,15819.159253728545,False,2026-01-23,,,
2026-02-03,1,1,-0.0048438537259933,-0.0048438537259933,0.0,0.0,15742.533560235292,False,2026-01-23,,,
2026-02-04,0,0,-0.0124892840603242,-0.0005,0.0005,0.0,15734.662293455174,True,2026-01-23,2026-02-04,12.0,-0.005403450976696811
2026-02-05,0,0,0.0191847864768199,0.0,0.0,0.0,15734.662293455174,False,2026-01-23,,,
2026-02-06,1,1,0.0048217267165773,0.004321726716577301,0.0005,0.0,15802.663203865122,True,2026-02-06,,,
2026-02-09,1,1,-0.0026370577706994,-0.0026370577706994,0.0,0.0,15760.990668065624,False,2026-02-06,,,
2026-02-10,0,0,-0.0002311221436644,-0.0005,0.0005,0.0,15753.110172731593,True,2026-02-06,2026-02-10,4.0,0.0011724356667057734
2026-02-11,0,0,-0.0154488596978862,0.0,0.0,0.0,15753.110172731593,False,2026-02-06,,,
2026-02-12,1,1,0.000704499103119,0.00020449910311900001,0.0005,0.0,15756.33166963325,True,2026-02-12,,,
2026-02-13,1,1,0.0016134830190519,0.0016134830190519,0.0,0.0,15781.754243224754,False,2026-02-12,,,
2026-02-17,1,1,0.0050377075505767,0.0050377075505767,0.0,0.0,15861.258105737194,False,2026-02-12,,,
2026-02-18,1,1,-0.0026373443235495,-0.0026373443235495,0.0,0.0,15819.426506707674,False,2026-02-12,,,
2026-02-19,1,1,0.0072318492890963,0.0072318492890963,0.0,0.0,15933.83021504412,False,2026-02-12,,,
2026-02-20,0,0,-0.0102113660387662,-0.0005,0.0005,0.0,15925.863299936598,True,2026-02-12,2026-02-20,8.0,0.010966286994173347
2026-02-23,1,1,0.0072684752701983,0.006768475270198301,0.0005,0.0,16033.657111838776,True,2026-02-23,,,
2026-02-24,0,0,0.0084383063005384,-0.0005,0.0005,0.0,16025.640283282857,True,2026-02-23,2026-02-24,1.0,0.00626509103256323
2026-02-25,0,0,-0.0055544455792071,0.0,0.0,0.0,16025.640283282857,False,2026-02-23,,,
2026-02-26,1,1,-0.0048019408586112,-0.005301940858611199,0.0005,0.0,15940.673286279514,True,2026-02-26,,,
2026-02-27,1,1,0.0005685229860479,0.0005685229860479,0.0,0.0,15949.735925455845,False,2026-02-26,,,
2026-03-02,1,1,-0.0088142509124856,-0.0088142509124856,0.0,0.0,15809.150951020993,False,2026-02-26,,,
2026-03-03,1,1,0.0070553559582975,0.0070553559582975,0.0,0.0,15920.690138378905,False,2026-02-26,,,
2026-03-04,0,0,-0.0055756704919077,-0.0005,0.0005,0.0,15912.729793309716,True,2026-02-26,2026-03-04,6.0,-0.007045614900699104
2026-03-05,1,1,-0.013107129910862,-0.013607129910862001,0.0005,0.0,15696.203211775706,True,2026-03-05,,,
2026-03-06,1,1,0.0087599615223126,0.0087599615223126,0.0,0.0,15833.701347957262,False,2026-03-05,,,
2026-03-09,0,0,-0.0016070155764896,-0.0005,0.0005,0.0,15825.784497283285,True,2026-03-05,2026-03-09,4.0,-0.005463883139836034
2026-03-10,0,0,-0.0012551345486657,0.0,0.0,0.0,15825.784497283285,False,2026-03-05,,,
2026-03-11,0,0,-0.0151849662710031,0.0,0.0,0.0,15825.784497283285,False,2026-03-05,,,
2026-03-12,0,0,-0.0056601357526089,0.0,0.0,0.0,15825.784497283285,False,2026-03-05,,,
2026-03-13,0,0,0.0101768650104565,0.0,0.0,0.0,15825.784497283285,False,2026-03-05,,,
2026-03-16,0,0,0.0026305449911054,0.0,0.0,0.0,15825.784497283285,False,2026-03-05,,,
2026-03-17,0,0,-0.0139536445152571,0.0,0.0,0.0,15825.784497283285,False,2026-03-05,,,
2026-03-18,1,1,-0.0024643810433112,-0.0029643810433112,0.0005,0.0,15778.87084172401,True,2026-03-18,,,
2026-03-19,0,0,-0.0143356962668527,-0.0005,0.0005,0.0,15770.98140630315,True,2026-03-18,2026-03-19,1.0,-0.0034628988527893867
2026-03-20,0,0,0.0104999912254764,0.0,0.0,0.0,15770.98140630315,False,2026-03-18,,,
2026-03-23,0,0,-0.0033568144771775,0.0,0.0,0.0,15770.98140630315,False,2026-03-18,,,
2026-03-24,0,0,0.0055726882440485,0.0,0.0,0.0,15770.98140630315,False,2026-03-18,,,
2026-03-25,1,1,-0.017858729983344,-0.018358729983344,0.0005,0.0,15481.446217092493,True,2026-03-25,,,
2026-03-26,0,0,-0.0170518941574252,-0.0005,0.0005,0.0,15473.705493983947,True,2026-03-25,2026-03-26,1.0,-0.01884955061835225
2026-03-27,0,0,-0.0033433906874337,0.0,0.0,0.0,15473.705493983947,False,2026-03-25,,,
2026-03-30,0,0,0.0290678657847571,0.0,0.0,0.0,15473.705493983947,False,2026-03-25,,,
2026-03-31,0,0,0.0075344914103034,0.0,0.0,0.0,15473.705493983947,False,2026-03-25,,,
2026-04-01,1,1,0.0009004595313388,0.00040045953133880003,0.0005,0.0,15479.902086834141,True,2026-04-01,,,
2026-04-02,1,1,0.0047268450837638,0.0047268450837638,0.0,0.0,15553.07318591044,False,2026-04-01,,,
2026-04-06,0,0,0.0004400005646272,-0.0005,0.0005,0.0,15545.296649317486,True,2026-04-01,2026-04-06,5.0,0.004626632926507002
2026-04-07,0,0,0.0254696365121909,0.0,0.0,0.0,15545.296649317486,False,2026-04-01,,,
2026-04-08,1,1,0.0057690176991855,0.0052690176991855,0.0005,0.0,15627.205092501828,True,2026-04-08,,,
2026-04-09,1,1,-0.0006617754265585,-0.0006617754265585,0.0,0.0,15616.86339218582,False,2026-04-08,,,
2026-04-10,1,1,0.0097724472464817,0.0097724472464817,0.0,0.0,15769.478365841467,False,2026-04-08,,,
2026-04-13,0,0,0.0121848772098407,-0.0005,0.0005,0.0,15761.593626658547,True,2026-04-08,2026-04-13,5.0,0.013913981972840439
2026-04-14,1,1,0.0078909692270439,0.0073909692270439,0.0005,0.0,15878.087080122352,True,2026-04-14,,,
2026-04-15,1,1,0.0024573476469376,0.0024573476469376,0.0,0.0,15917.10506004656,False,2026-04-14,,,
2026-04-16,1,1,0.012085686101644,0.012085686101644,0.0,0.0,16109.474195449173,False,2026-04-14,,,
2026-04-17,1,1,-0.0019997351150194,-0.0019997351150194,0.0,0.0,16077.259514216035,False,2026-04-14,,,
2026-04-20,0,0,-0.0065468928485394,-0.0005,0.0005,0.0,16069.220884458928,True,2026-04-14,2026-04-20,6.0,0.019517522471844018
2026-04-21,1,1,0.0101267120951189,0.0096267120951189,0.0005,0.0,16223.914647506488,True,2026-04-21,,,
2026-04-22,0,0,-0.0038807408683984,-0.0005,0.0005,0.0,16215.802690182736,True,2026-04-21,2026-04-22,1.0,0.009121898739071543
2026-04-23,1,1,0.0077493092372316,0.0072493092372316,0.0005,0.0,16333.356058413803,True,2026-04-23,,,
2026-04-24,0,0,0.0017227878375636,-0.0005,0.0005,0.0,16325.189380384598,True,2026-04-23,2026-04-24,1.0,0.006745684582613043
2026-04-27,1,1,-0.0048659922671194,-0.0053659922671193995,0.0005,0.0,16237.588540410194,True,2026-04-27,,,
2026-04-28,0,0,-0.0001545093249859,-0.0005,0.0005,0.0,16229.46974613999,True,2026-04-27,2026-04-28,1.0,-0.005863309270985773
2026-04-29,0,0,0.0099496335275648,0.0,0.0,0.0,16229.46974613999,False,2026-04-27,,,
2026-04-30,1,1,0.0027690952923506,0.0022690952923506,0.0005,0.0,16266.295959538302,True,2026-04-30,,,
2026-05-01,1,1,-0.0036633921467564,-0.0036633921467564,0.0,0.0,16206.706138663314,False,2026-04-30,,,
2026-05-04,1,1,0.0080222287239424,0.0080222287239424,0.0,0.0,16336.720042169392,False,2026-04-30,,,
2026-05-05,1,1,0.013899399692774,0.013899399692774,0.0,0.0,16563.79064370446,False,2026-04-30,,,
2026-05-06,1,1,-0.0030660824190705,-0.0030660824190705,0.0,0.0,16513.004696418633,False,2026-04-30,,,
2026-05-07,0,0,0.0082560970111682,-0.0005,0.0005,0.0,16504.748194070424,True,2026-04-30,2026-05-07,7.0,0.01696164152226265
2026-05-08,0,0,0.0022775630423874,0.0,0.0,0.0,16504.748194070424,False,2026-04-30,,,
2026-05-11,1,1,-0.0015149526145865,-0.0020149526145865,0.0005,0.0,16471.49190854369,True,2026-05-11,,,
2026-05-12,0,0,0.0055948378146111,-0.0005,0.0005,0.0,16463.256162589416,True,2026-05-11,2026-05-12,1.0,-0.0025139451382792943
2026-05-13,0,0,0.0078943149045545,0.0,0.0,0.0,16463.256162589416,False,2026-05-11,,,
2026-05-14,1,1,-0.0120293437567962,-0.0125293437567962,0.0005,0.0,16256.982366772141,True,2026-05-14,,,
2026-05-15,1,1,-0.0007035093177317,-0.0007035093177317,0.0,0.0,16245.545428198917,False,2026-05-14,,,
2026-05-18,0,0,-0.0066607880874933,-0.0005,0.0005,0.0,16237.42265548482,True,2026-05-14,2026-05-18,4.0,-0.0137174265451675
2026-05-19,1,1,0.0102489945825634,0.009748994582563399,0.0005,0.0,16395.721200987933,True,2026-05-19,,,
2026-05-20,0,0,0.0019830877010671,-0.0005,0.0005,0.0,16387.52334038744,True,2026-05-19,2026-05-20,1.0,0.0092441200852722
2026-05-21,0,0,0.0039315490768039,0.0,0.0,0.0,16387.52334038744,False,2026-05-19,,,
2026-05-22,0,0,0.0066386413521875,0.0,0.0,0.0,16387.52334038744,False,2026-05-19,,,
2026-05-26,1,1,-0.000173242164746,-0.000673242164746,0.0005,0.0,16376.490568698933,True,2026-05-26,,,
2026-05-27,1,1,0.0055165786009099,0.0055165786009099,0.0,0.0,16466.83276612822,False,2026-05-26,,,
2026-05-28,1,1,0.0024914048034492,0.0024914048034492,0.0,0.0,16507.858312379347,False,2026-05-26,,,
2026-05-29,1,1,0.0027231134609038,0.0027231134609038,0.0,0.0,16552.81108356048,False,2026-05-26,,,
2026-06-01,0,0,0.0013579397972762,-0.0005,0.0005,0.0,16544.5346780187,True,2026-05-26,2026-06-01,6.0,0.009581151121493825
2026-06-02,1,1,-0.0070171823204998,-0.007517182320499799,0.0005,0.0,16420.1663944362,True,2026-06-02,,,
2026-06-03,0,0,0.0037786857621391,-0.0005,0.0005,0.0,16411.956311238984,True,2026-06-02,2026-06-03,1.0,-0.008013423729339442
2026-06-04,0,0,-0.0258093712489256,0.0,0.0,0.0,16411.956311238984,False,2026-06-02,,,
2026-06-05,0,0,0.0022641726087715,0.0,0.0,0.0,16411.956311238984,False,2026-06-02,,,
2026-06-08,1,1,-0.0029354505508077,-0.0034354505508077,0.0005,0.0,16355.573846889705,True,2026-06-08,,,
2026-06-09,0,0,-0.0157655625080272,-0.0005,0.0005,0.0,16347.39605996626,True,2026-06-08,2026-06-09,1.0,-0.003933732825532332
2026-06-10,0,0,0.0169968478867479,0.0,0.0,0.0,16347.39605996626,False,2026-06-08,,,
2026-06-11,1,1,0.0054082479015293,0.0049082479015293,0.0005,0.0,16427.633132373056,True,2026-06-11,,,
2026-06-12,0,0,0.0176339698937533,-0.0005,0.0005,0.0,16419.41931580687,True,2026-06-11,2026-06-12,1.0,0.004405793777578548
2026-06-15,1,1,-0.0059615628442341,-0.0064615628442341,0.0005,0.0,16313.324206031954,True,2026-06-15,,,
2026-06-16,0,0,-0.0124878708850514,-0.0005,0.0005,0.0,16305.16754392894,True,2026-06-15,2026-06-16,1.0,-0.006958332062811823
2026-06-17,1,1,0.0103969924419595,0.009896992441959499,0.0005,0.0,16466.539663876087,True,2026-06-17,,,
2026-06-18,0,0,-0.0031469796939627,-0.0005,0.0005,0.0,16458.30639404415,True,2026-06-17,2026-06-18,1.0,0.009392043945738449
2026-06-22,0,0,-0.0145219540104916,0.0,0.0,0.0,16458.30639404415,False,2026-06-17,,,
2026-06-23,1,1,-0.0004635170636431,-0.0009635170636431,0.0005,0.0,16442.448534994823,True,2026-06-23,,,
2026-06-24,1,1,0.0014456352254532,0.0014456352254532,0.0,0.0,16466.218317789713,False,2026-06-23,,,
2026-06-25,1,1,-0.0072313736168696,-0.0072313736168696,0.0,0.0,16347.144941076833,False,2026-06-23,,,
2026-06-26,1,1,0.0164748623801593,0.0164748623801593,0.0,0.0,16616.461904289594,False,2026-06-23,,,
2026-06-29,0,0,0.007786800986842,-0.0005,0.0005,0.0,16608.15367333745,True,2026-06-23,2026-06-29,6.0,0.009104659720487795
2026-06-30,0,0,-0.0013525044380584,0.0,0.0,0.0,16608.15367333745,False,2026-06-23,,,
2026-07-01,0,0,-0.0013140694806872,0.0,0.0,0.0,16608.15367333745,False,2026-06-23,,,
2026-07-02,0,0,0.0087274090930398,0.0,0.0,0.0,16608.15367333745,False,2026-06-23,,,
2026-07-06,0,0,-0.0047518996712316,0.0,0.0,0.0,16608.15367333745,False,2026-06-23,,,
2026-07-07,0,0,-0.0030894297130047,0.0,0.0,0.0,16608.15367333745,False,2026-06-23,,,
2026-07-08,0,0,0.0084652500025792,0.0,0.0,0.0,16608.15367333745,False,2026-06-23,,,
2026-07-09,0,0,0.0043101596888019,0.0,0.0,0.0,16608.15367333745,False,2026-06-23,,,
2026-07-10,0,0,-0.0076561748505409,0.0,0.0,0.0,16608.15367333745,False,2026-06-23,,,
2026-07-13,0,0,0.0035506416973014,0.0,0.0,0.0,16608.15367333745,False,2026-06-23,,,
2026-07-14,0,0,0.003963635929681,0.0,0.0,0.0,16608.15367333745,False,2026-06-23,,,
2026-07-15,0,0,-0.005418617756386,0.0,0.0,0.0,16608.15367333745,False,2026-06-23,,,
2026-07-16,0,0,-0.0098971560178722,0.0,0.0,0.0,16608.15367333745,False,2026-06-23,,,
2026-07-17,0,0,-0.001614378247181,0.0,0.0,0.0,16608.15367333745,False,2026-06-23,,,
2026-07-20,0,0,0.0083413092985977,0.0,0.0,0.0,16608.15367333745,False,2026-06-23,,,
2026-07-21,0,0,-0.0011627413779321,0.0,0.0,0.0,16608.15367333745,False,2026-06-23,,,
2026-07-22,1,1,-0.0123492872725757,-0.0128492872725757,0.0005,0.0,16394.750735721653,True,2026-07-22,,,
2026-07-23,1,1,0.001016012364791,0.001016012364791,0.0,0.0,16411.408005186815,False,2026-07-22,,,
2026-07-24,0,0,0.0002165755636849,-0.0005,0.0005,0.0,16403.20230118422,True,2026-07-22,2026-07-24,2.0,-0.012340406777560986
2026-07-27,0,0,0.002394780651586,0.0,0.0,0.0,16403.20230118422,False,2026-07-22,,,
2026-07-28,0,0,-0.015387473482586,0.0,0.0,0.0,16403.20230118422,False,2026-07-22,,,
2026-07-29,0,0,0.0167657994960119,0.0,0.0,0.0,16403.20230118422,False,2026-07-22,,,
2026-07-30,1,1,0.0071998096750542,0.006699809675054199,0.0005,0.0,16513.100634663566,True,2026-07-30,,,
2026-07-31,0,0,0.0142430065673475,-0.0005,0.0005,0.0,16504.844084346234,True,2026-07-30,2026-07-31,1.0,0.006196459770216656
2026-08-03,0,0,0.0180290027159586,0.0,0.0,0.0,16504.844084346234,False,2026-07-30,,,
2026-08-04,0,0,-0.0019966020100066,0.0,0.0,0.0,16504.844084346234,False,2026-07-30,,,
2026-08-05,0,0,-0.001597813044932,0.0,0.0,0.0,16504.844084346234,False,2026-07-30,,,
2026-08-06,0,0,0.0061153484724176,0.0,0.0,0.0,16504.844084346234,False,2026-07-30,,,
2026-08-07,0,0,-0.0002974167367322,0.0,0.0,0.0,16504.844084346234,False,2026-07-30,,,
2026-08-10,0,0,-0.0031952597501651,0.0,0.0,0.0,16504.844084346234,False,2026-07-30,,,
