trade_id,side,signal_date,execution_date,execution_index,execution_price,shares,gross_value,transaction_cost,slippage_rate,position_after,completed_trade_return,entry_date,entry_price,holding_days
1,BUY,2024-01-08,2024-01-09,5,458.28108045431594,21.80976462925788,9995.002498750626,4.997501249375313,0.0005,1,,,,
1,SELL,2024-01-09,2024-01-10,6,460.0448543727835,21.80976462925788,10033.469992771626,5.016734996385813,0.0005,0,0.002845325777524055,2024-01-09,458.28108045431594,1.0
2,BUY,2024-01-10,2024-01-11,7,463.83636034317755,21.609865879403493,10023.441537006736,5.011720768503368,0.0005,1,,,,
2,SELL,2024-01-11,2024-01-12,8,463.61530262742986,21.609865879403493,10018.66450941782,5.0093322547089105,0.0005,0,-0.0014756094715459023,2024-01-11,463.83636034317755,1.0
3,BUY,2024-01-18,2024-01-19,12,463.8946933912623,21.57526480540198,10008.650851737244,5.004325425868622,0.0005,1,,,,
3,SELL,2024-01-19,2024-01-22,13,469.60167994915366,21.57526480540198,10131.780597964618,5.06589029898231,0.0005,0,0.01129053562383131,2024-01-19,463.8946933912623,3.0
4,BUY,2024-01-22,2024-01-23,14,470.0715149362958,21.53215746777799,10121.653880725273,5.060826940362636,0.0005,1,,,,
4,SELL,2024-01-23,2024-01-24,15,473.2885330792045,21.53215746777799,10190.923221955083,5.095461610977542,0.0005,0,0.005837337614905236,2024-01-23,470.0715149362958,1.0
5,BUY,2024-01-29,2024-01-30,19,476.4328504967516,21.368672166567354,10180.737391648281,5.09036869582414,0.0005,1,,,,
5,SELL,2024-01-30,2024-01-31,20,474.07443364486676,21.368672166567354,10130.341155108246,5.065170577554123,0.0005,0,-0.005944708396617204,2024-01-30,476.4328504967516,1.0
6,BUY,2024-02-01,2024-02-02,22,475.5490549162103,21.28111868159539,10120.215876592396,5.060107938296198,0.0005,1,,,,
6,SELL,2024-02-05,2024-02-06,24,478.8285024275875,21.28111868159539,10190.006188292076,5.095003094146039,0.0005,0,0.00588973582135921,2024-02-02,475.5490549162103,4.0
7,BUY,2024-02-09,2024-02-12,28,486.7372863690764,20.91440610703828,10179.82127456065,5.089910637280325,0.0005,1,,,,
7,SELL,2024-02-12,2024-02-13,29,479.8084739062688,20.91440610703828,10034.909276873985,5.017454638436992,0.0005,0,-0.015220492367933214,2024-02-12,486.7372863690764,1.0
8,BUY,2024-02-13,2024-02-14,30,482.48346153495726,20.777664276100676,10024.879382544275,5.012439691272138,0.0005,1,,,,
8,SELL,2024-02-15,2024-02-16,32,486.7650580131201,20.777664276100676,10113.840956733278,5.0569204783666395,0.0005,0,0.007865709363331863,2024-02-14,482.48346153495726,2.0
9,BUY,2024-02-16,2024-02-20,33,483.38664799547576,20.90196783893045,10103.732170169827,5.051866085084914,0.0005,1,,,,
9,SELL,2024-02-23,2024-02-26,37,493.16855807621886,20.90196783893045,10308.19334008083,5.154096670040415,0.0005,0,0.019216476131964644,2024-02-20,483.38664799547576,6.0
10,BUY,2024-02-29,2024-03-01,41,494.32236911094554,20.83233723932571,10297.89029826166,5.14894514913083,0.0005,1,,,,
10,SELL,2024-03-01,2024-03-04,42,496.7875549781375,20.83233723932571,10349.245881604622,5.174622940802311,0.0005,0,0.003982515671700604,2024-03-01,494.32236911094554,3.0
11,BUY,2024-03-05,2024-03-06,44,495.84714552337795,20.85098583525573,10338.901807759941,5.16945090387997,0.0005,1,,,,
11,SELL,2024-03-12,2024-03-13,49,501.7162431891046,20.85098583525573,10461.278280053739,5.230639140026869,0.0005,0,0.01082517506403513,2024-03-06,495.84714552337795,7.0
12,BUY,2024-03-14,2024-03-15,51,497.0565375847031,21.025419523866322,10450.82222979881,5.225411114899405,0.0005,1,,,,
12,SELL,2024-03-15,2024-03-18,52,500.24837006233,21.025419523866322,10517.931846690819,5.25896592334541,0.0005,0,0.005415549144228482,2024-03-15,497.0565375847031,3.0
13,BUY,2024-04-01,2024-04-02,62,504.87952515852515,20.811735567772725,10507.419171181882,5.253709585590941,0.0005,1,,,,
13,SELL,2024-04-05,2024-04-08,66,505.2605746504467,20.811735567772725,10515.349472445987,5.257674736222993,0.0005,0,-0.0002455211045738759,2024-04-02,504.87952515852515,6.0
14,BUY,2024-04-09,2024-04-10,68,500.2421799428335,20.99950743702025,10504.839378020753,5.2524196890103765,0.0005,1,,,,
14,SELL,2024-04-11,2024-04-12,70,500.6084342838137,20.99950743702025,10512.530538778008,5.256265269389004,0.0005,0,-0.0002680779821312429,2024-04-10,500.2421799428335,2.0
15,BUY,2024-04-12,2024-04-15,71,501.8497202538328,20.926629702146325,10502.02326187768,5.251011630938841,0.0005,1,,,,
15,SELL,2024-04-15,2024-04-16,72,491.430747748258,20.926629702146325,10283.989282376675,5.1419946411883375,0.0005,0,-0.021739889892191333,2024-04-15,501.8497202538328,1.0
16,BUY,2024-04-23,2024-04-24,78,493.50066050325074,20.81802772470971,10273.710432519229,5.136855216259614,0.0005,1,,,,
16,SELL,2024-04-24,2024-04-25,79,485.82485935162276,20.81802772470971,10113.915391335278,5.05695769566764,0.0005,0,-0.016537735150390365,2024-04-24,493.50066050325074,1.0
17,BUY,2024-04-25,2024-04-26,80,493.2960850613855,20.48223538834108,10103.806530374422,5.051903265187211,0.0005,1,,,,
17,SELL,2024-04-26,2024-04-29,81,496.44294400379886,20.48223538834108,10168.261235966838,5.084130617983419,0.0005,0,0.005373373469005127,2024-04-26,493.2960850613855,3.0
18,BUY,2024-05-01,2024-05-02,84,491.1527853320885,20.68215504357242,10158.098056320696,5.079049028160348,0.0005,1,,,,
18,SELL,2024-05-10,2024-05-13,91,508.57928596789645,20.68215504357242,10518.515644337389,5.259257822168695,0.0005,0,0.0344458506958536,2024-05-02,491.1527853320885,11.0
19,BUY,2024-05-13,2024-05-14,92,507.675524768708,20.698264684140334,10508.00238532256,5.2540011926612795,0.0005,1,,,,
19,SELL,2024-05-16,2024-05-17,95,514.662061735891,20.698264684140334,10652.611576694846,5.326305788347423,0.0005,0,0.012748560433015754,2024-05-14,507.675524768708,3.0
20,BUY,2024-05-22,2024-05-23,99,519.2200175084058,20.496059338832854,10641.96428876212,5.32098214438106,0.0005,1,,,,
20,SELL,2024-05-30,2024-05-31,104,509.5817980618818,20.496059338832854,10444.41877106547,5.222209385532735,0.0005,0,-0.019543827739373354,2024-05-23,519.2200175084058,8.0
21,BUY,2024-05-31,2024-06-03,105,515.3815817982753,20.245154154495836,10433.97957189399,5.2169897859469945,0.0005,1,,,,
21,SELL,2024-06-05,2024-06-06,108,520.6670436077776,20.245154154495836,10540.984561005063,5.270492280502531,0.0005,0,0.009245683465614496,2024-06-03,515.3815817982753,3.0
22,BUY,2024-06-11,2024-06-12,112,527.666459725134,19.95663861179998,10530.44884430241,5.265224422151205,0.0005,1,,,,
22,SELL,2024-06-12,2024-06-13,113,528.6184772351786,19.95663861179998,10549.447913702475,5.274723956851238,0.0005,0,0.0008028996388744769,2024-06-12,527.666459725134,1.0
23,BUY,2024-06-14,2024-06-17,115,528.1049488460548,19.956078353185113,10538.903737876684,5.269451868938342,0.0005,1,,,,
23,SELL,2024-06-17,2024-06-18,116,532.5211666833588,19.956078353185113,10627.03412706266,5.31351706353133,0.0005,0,0.007354528312274233,2024-06-17,528.1049488460548,1.0
24,BUY,2024-06-20,2024-06-21,118,532.0761268563257,19.952807254334747,10616.41240379723,5.308206201898615,0.0005,1,,,,
24,SELL,2024-06-21,2024-06-24,119,531.4759836392324,19.952807254334747,10604.43786186157,5.302218930930785,0.0005,0,-0.002126300238704082,2024-06-21,532.0761268563257,3.0
25,BUY,2024-07-08,2024-07-09,129,543.6677115326889,19.48587068690005,10593.838723568855,5.296919361784427,0.0005,1,,,,
25,SELL,2024-07-22,2024-07-23,139,541.4448439629323,19.48587068690005,10550.524213550474,5.275262106775237,0.0005,0,-0.005084064710775049,2024-07-09,543.6677115326889,14.0
26,BUY,2024-07-23,2024-07-24,140,536.4351998912197,19.648186703818194,10539.978961962717,5.2699894809813586,0.0005,1,,,,
26,SELL,2024-07-25,2024-07-26,142,529.4744128680505,19.648186703818194,10403.212118925976,5.201606059462988,0.0005,0,-0.013962537940560238,2024-07-24,536.4351998912197,2.0
27,BUY,2024-08-05,2024-08-06,149,507.4660507370336,20.47982143971856,10392.814105813606,5.196407052906803,0.0005,1,,,,
27,SELL,2024-08-07,2024-08-08,151,511.5381567015052,20.47982143971856,10476.210108849598,5.238105054424799,0.0005,0,0.007016870279018983,2024-08-06,507.4660507370336,2.0
28,BUY,2024-08-15,2024-08-16,157,538.9372423163857,19.419216770482713,10465.739134228063,5.232869567114031,0.0005,1,,,,
28,SELL,2024-08-16,2024-08-19,158,541.6302959087876,19.419216770482713,10518.036125713443,5.259018062856722,0.0005,0,0.0039924759459062376,2024-08-16,538.9372423163857,3.0
29,BUY,2024-08-28,2024-08-29,166,547.6259929017687,19.18740797948647,10507.523345977597,5.253761672988799,0.0005,1,,,,
29,SELL,2024-08-29,2024-08-30,167,547.5277701054897,19.18740797948647,10505.638705112506,5.252819352556253,0.0005,0,-0.0011786820707555545,2024-08-29,547.6259929017687,1.0
30,BUY,2024-09-18,2024-09-19,180,558.0838110281235,18.805667014900678,10495.138316601644,5.247569158300822,0.0005,1,,,,
30,SELL,2024-09-19,2024-09-20,181,556.1314149834516,18.805667014900678,10458.422206704336,5.229211103352168,0.0005,0,-0.0044943957938691215,2024-09-19,558.0838110281235,1.0
31,BUY,2024-09-27,2024-09-30,187,559.2171246018954,18.683206488952404,10447.969011095438,5.223984505547719,0.0005,1,,,,
31,SELL,2024-09-30,2024-10-01,188,561.5767694216913,18.683206488952404,10492.054742504271,5.2460273712521355,0.0005,0,0.00321583266913561,2024-09-30,559.2171246018954,1.0
32,BUY,2024-10-21,2024-10-22,203,569.6383548458496,18.40039007556621,10481.567931167434,5.240783965583717,0.0005,1,,,,
32,SELL,2024-10-22,2024-10-23,204,569.2746399157202,18.40039007556621,10474.875434576747,5.2374377172883735,0.0005,0,-0.0016373635430941835,2024-10-22,569.6383548458496,1.0
33,BUY,2024-10-25,2024-10-28,207,571.1383834000069,18.322014590697794,10464.405793962476,5.232202896981239,0.0005,1,,,,
33,SELL,2024-10-31,2024-11-01,211,559.5396486527692,18.322014590697794,10251.893606689955,5.125946803344978,0.0005,0,-0.021287301150211824,2024-10-28,571.1383834000069,4.0
34,BUY,2024-11-05,2024-11-06,214,577.6283199105652,17.73051369443607,10241.646836468375,5.120823418234187,0.0005,1,,,,
34,SELL,2024-11-12,2024-11-13,219,585.0524591230312,17.73051369443607,10373.280638444403,5.186640319222201,0.0005,0,0.011840449814582321,2024-11-06,577.6283199105652,7.0
35,BUY,2024-11-15,2024-11-18,222,574.7067983365796,18.03165122084595,10362.912541854254,5.181456270927127,0.0005,1,,,,
35,SELL,2024-12-03,2024-12-04,233,593.1422142092043,18.03165122084595,10695.33353098067,5.347666765490335,0.0005,0,0.03104638771101076,2024-11-18,574.7067983365796,16.0
36,BUY,2024-12-04,2024-12-05,234,595.7256432959252,17.93551052012778,10684.643542443957,5.342321771221979,0.0005,1,,,,
36,SELL,2024-12-05,2024-12-06,235,594.9149196866322,17.93551052012778,10670.102800620565,5.335051400310283,0.0005,0,-0.0023590410048476285,2024-12-05,595.7256432959252,1.0
37,BUY,2024-12-06,2024-12-09,236,595.7551436332094,17.892313887881237,10659.438030205154,5.329719015102577,0.0005,1,,,,
37,SELL,2024-12-18,2024-12-19,244,579.1664631737763,17.892313887881237,10362.628152439214,5.181314076219607,0.0005,0,-0.028816465401202085,2024-12-09,595.7551436332094,10.0
38,BUY,2024-12-19,2024-12-20,245,572.2637567467382,18.09003380165661,10352.270703011489,5.176135351505745,0.0005,1,,,,
38,SELL,2024-12-20,2024-12-23,246,580.6538591815928,18.09003380165661,10504.04793965737,5.252023969828685,0.0005,0,0.013647096579922025,2024-12-20,572.2637567467382,3.0
39,BUY,2024-12-24,2024-12-26,248,589.7040934648874,17.794601152352012,10493.549141116984,5.246774570558492,0.0005,1,,,,
39,SELL,2024-12-27,2024-12-30,250,577.7058141363312,17.794601152352012,10280.044545950817,5.140022272975409,0.0005,0,-0.02132543520301755,2024-12-26,589.7040934648874,4.0
40,BUY,2024-12-30,2024-12-31,251,580.2707526098098,17.698237577319517,10269.769638858414,5.134884819429207,0.0005,1,,,,
40,SELL,2025-01-16,2025-01-17,262,586.6187738281498,17.698237577319517,10382.118426526458,5.191059213263229,0.0005,0,0.009929322788377215,2024-12-31,580.2707526098098,17.0
41,BUY,2025-01-17,2025-01-21,263,590.8549317740752,17.553786790647877,10371.741496564913,5.185870748282457,0.0005,1,,,,
41,SELL,2025-01-23,2025-01-24,266,599.2460995873782,17.553786790647877,10519.038267284182,5.259519133642091,0.0005,0,0.01318804459096623,2025-01-21,590.8549317740752,3.0
42,BUY,2025-01-27,2025-01-28,268,590.8057239539353,17.78676823843184,10508.524485907585,5.254262242953793,0.0005,1,,,,
42,SELL,2025-01-28,2025-01-29,269,593.2615267544038,17.78676823843184,10552.205281158811,5.276102640579405,0.0005,0,0.0031530462226556644,2025-01-28,590.8057239539353,1.0
43,BUY,2025-01-29,2025-01-30,270,594.0911977783483,17.74417528615967,10541.658349343565,5.270829174671783,0.0005,1,,,,
43,SELL,2025-01-30,2025-01-31,271,596.9760585791756,17.74417528615967,10592.847825069615,5.296423912534808,0.0005,0,0.0038515687316440506,2025-01-30,594.0911977783483,1.0
44,BUY,2025-01-31,2025-02-03,272,582.9856492325912,18.151836644609432,10582.260271021569,5.291130135510785,0.0005,1,,,,
44,SELL,2025-02-03,2025-02-04,273,587.4736513680932,18.151836644609432,10663.72575264586,5.33186287632293,0.0005,0,0.006691111658236215,2025-02-03,582.9856492325912,1.0
45,BUY,2025-02-21,2025-02-24,286,592.182878022942,17.98948897620572,10653.067356091491,5.326533678045745,0.0005,1,,,,
45,SELL,2025-02-24,2025-02-25,287,586.8054188831184,17.98948897620572,10556.329614175638,5.278164807087819,0.0005,0,-0.01007116470934899,2025-02-24,592.182878022942,1.0
46,BUY,2025-02-25,2025-02-26,288,586.1924661362289,17.99030040354989,10545.778560088504,5.272889280044252,0.0005,1,,,,
46,SELL,2025-02-26,2025-02-27,289,586.5106093534995,17.99030040354989,10551.502052138554,5.275751026069277,0.0005,0,-0.00045731444673713373,2025-02-26,586.1924661362289,1.0
47,BUY,2025-03-14,2025-03-17,301,553.5939419841033,19.04095226443713,10540.955823200888,5.270477911600444,0.0005,1,,,,
47,SELL,2025-03-25,2025-03-26,308,566.9261569992049,19.04095226443713,10794.81389288265,5.3974069464413255,0.0005,0,0.02305945063952075,2025-03-17,553.5939419841033,9.0
48,BUY,2025-03-28,2025-03-31,311,542.472647115229,19.87938844667439,10784.024473699357,5.392012236849679,0.0005,1,,,,
48,SELL,2025-04-02,2025-04-03,314,537.2783649633718,19.87938844667439,10680.76532110096,5.34038266055048,0.0005,0,-0.01056512626464845,2025-03-31,542.472647115229,3.0
49,BUY,2025-04-04,2025-04-07,316,482.64411870143243,22.107572598629897,10670.089893493663,5.335044946746832,0.0005,1,,,,
49,SELL,2025-04-07,2025-04-08,317,514.3623370740141,22.107572598629897,11371.30270886471,5.6856513544323555,0.0005,0,0.06465242583314912,2025-04-07,482.64411870143243,1.0
50,BUY,2025-04-08,2025-04-09,318,486.8373511735344,23.33415269305522,11359.937088965797,5.6799685444828985,0.0005,1,,,,
50,SELL,2025-04-09,2025-04-10,319,524.5242094840453,23.33415269305522,12239.327995304795,6.119663997652397,0.0005,0,0.07633472687024678,2025-04-09,486.8373511735344,1.0
51,BUY,2025-04-16,2025-04-17,324,520.5796418686833,23.487462437110597,12227.094783915187,6.113547391957593,0.0005,1,,,,
51,SELL,2025-04-24,2025-04-25,329,538.7962007333437,23.487462437110597,12654.95552598231,6.327477762991156,0.0005,0,0.03395836199805702,2025-04-17,520.5796418686833,8.0
52,BUY,2025-04-30,2025-05-01,333,552.8716405667336,22.866622136401585,12642.306894771931,6.321153447385965,0.0005,1,,,,
52,SELL,2025-05-01,2025-05-02,334,556.6163558164529,22.866622136401585,12727.935883395683,6.363967941697842,0.0005,0,0.00576693906695569,2025-05-01,552.8716405667336,1.0
53,BUY,2025-05-08,2025-05-09,339,558.8998276089528,22.75043519461654,12715.214308299837,6.357607154149918,0.0005,1,,,,
53,SELL,2025-05-14,2025-05-15,343,577.147124703512,22.75043519461654,13130.34825832652,6.5651741291632595,0.0005,0,0.03161646779316385,2025-05-09,558.8998276089528,6.0
54,BUY,2025-05-21,2025-05-22,348,574.8633840465974,22.817985691880693,13117.224471961375,6.5586122359806875,0.0005,1,,,,
54,SELL,2025-05-27,2025-05-28,351,583.0609472930873,22.817985691880693,13304.27635282807,6.652138176414035,0.0005,0,0.013246266670136286,2025-05-22,574.8633840465974,6.0
55,BUY,2025-05-28,2025-05-29,352,585.1242509894263,22.714797246592315,13290.978725289011,6.645489362644506,0.0005,1,,,,
55,SELL,2025-06-11,2025-06-12,362,591.3895304340882,22.714797246592315,13433.29327756775,6.716646638783875,0.0005,0,0.009697402648453979,2025-05-29,585.1242509894263,14.0
56,BUY,2025-06-12,2025-06-13,363,590.4914501138812,22.72660627853636,13419.866697580172,6.709933348790086,0.0005,1,,,,
56,SELL,2025-06-13,2025-06-16,364,591.7739885743986,22.72660627853636,13449.01444420943,6.724507222104715,0.0005,0,0.001170313661500888,2025-06-13,590.4914501138812,3.0
57,BUY,2025-06-17,2025-06-18,366,590.432134173098,22.75548936666266,13435.572150911872,6.717786075455936,0.0005,1,,,,
57,SELL,2025-06-25,2025-06-26,371,602.0150103523116,22.75548936666266,13699.146166643337,6.849573083321669,0.0005,0,0.018598516900366624,2025-06-18,590.432134173098,8.0
58,BUY,2025-06-26,2025-06-27,372,606.4665634192933,22.565883582216514,13685.4538666267,6.84272693331335,0.0005,1,,,,
58,SELL,2025-07-01,2025-07-02,375,610.1704921448538,22.565883582216514,13769.036291044527,6.8845181455222635,0.0005,0,0.005101786896133165,2025-06-27,606.4665634192933,5.0
59,BUY,2025-07-02,2025-07-03,376,615.9364705198689,22.33229366045045,13755.274135831092,6.877637067915546,0.0005,1,,,,
59,SELL,2025-08-08,2025-08-11,402,630.1589135968459,22.33229366045045,14072.893911195184,7.036446955597592,0.0005,0,0.02206818354805895,2025-07-03,615.9364705198689,39.0
60,BUY,2025-08-11,2025-08-12,403,631.610632312887,22.258694409137213,14058.828050214477,7.029414025107239,0.0005,1,,,,
60,SELL,2025-08-20,2025-08-21,410,628.9924705253787,22.258694409137213,14000.551187072651,7.000275593536326,0.0005,0,-0.005140571980364439,2025-08-12,631.610632312887,9.0
61,BUY,2025-08-21,2025-08-22,411,631.086295825705,22.162670501920754,13986.557632662785,6.993278816331393,0.0005,1,,,,
61,SELL,2025-09-02,2025-09-03,418,635.3092689147434,22.162670501920754,14080.149993773623,7.040074996886811,0.0005,0,0.005685405212793926,2025-08-22,631.086295825705,12.0
62,BUY,2025-09-04,2025-09-05,420,644.6627291119881,21.819280447176382,14066.076880336568,7.033038440168284,0.0005,1,,,,
62,SELL,2025-09-08,2025-09-09,422,641.5370542140863,21.819280447176382,13997.876903152548,6.998938451576274,0.0005,0,-0.0058431970296805025,2025-09-05,644.6627291119881,4.0
63,BUY,2025-09-10,2025-09-11,424,647.3343973213027,21.60226009857663,13983.886021690128,6.991943010845064,0.0005,1,,,,
63,SELL,2025-09-26,2025-09-29,436,658.5716393554176,21.60226009857663,14226.635846901734,7.113317923450867,0.0005,0,0.016342402875229034,2025-09-11,647.3343973213027,18.0
64,BUY,2025-09-29,2025-09-30,437,657.8115617776706,21.60560431989098,14212.41632081787,7.1062081604089355,0.0005,1,,,,
64,SELL,2025-10-02,2025-10-03,440,664.1525596764787,21.60560431989098,14349.41741241278,7.17470870620639,0.0005,0,0.008630400527035897,2025-09-30,657.8115617776706,3.0
65,BUY,2025-10-03,2025-10-06,441,666.4344699260797,21.51010461345666,14335.075166123512,7.167537583061756,0.0005,1,,,,
65,SELL,2025-10-08,2025-10-09,444,667.6617866785671,21.51010461345666,14361.474877863362,7.180737438931681,0.0005,0,0.0008402756086913765,2025-10-06,666.4344699260797,3.0
66,BUY,2025-10-09,2025-10-10,445,666.9405004342523,21.511844865910522,14347.120580134364,7.173560290067182,0.0005,1,,,,
66,SELL,2025-10-21,2025-10-22,453,666.1450675460312,21.511844865910522,14330.00935124171,7.165004675620855,0.0005,0,-0.0021909676331470784,2025-10-10,666.9405004342523,12.0
67,BUY,2025-10-22,2025-10-23,454,662.9615051112478,21.593541092423155,14315.686503314433,7.157843251657217,0.0005,1,,,,
67,SELL,2025-10-23,2025-10-24,455,670.5662428714418,21.593541092423155,14479.899720636284,7.239949860318142,0.0005,0,0.010459893341352444,2025-10-23,662.9615051112478,1.0
68,BUY,2025-10-31,2025-11-03,461,680.3759879487403,21.26093118138844,14465.427057247338,7.232713528623669,0.0005,1,,,,
68,SELL,2025-11-03,2025-11-04,462,670.2192807307873,21.26093118138844,14249.486004056927,7.124743002028464,0.0005,0,-0.015912659688587016,2025-11-03,680.3759879487403,1.0
69,BUY,2025-11-04,2025-11-05,463,669.7684955224378,21.25397616400485,14235.243639235281,7.117621819617641,0.0005,1,,,,
69,SELL,2025-11-10,2025-11-11,467,674.0257704994045,21.25397616400485,14325.727660119348,7.162863830059674,0.0005,0,0.005350484644899733,2025-11-05,669.7684955224378,6.0
70,BUY,2025-11-24,2025-11-25,477,663.4675091199506,21.570625381078017,14311.409091743417,7.155704545871709,0.0005,1,,,,
70,SELL,2025-11-25,2025-11-26,478,671.7260403043437,21.570625381078017,14489.55077411991,7.244775387059955,0.0005,0,0.011435587628586541,2025-11-25,663.4675091199506,1.0
71,BUY,2025-11-28,2025-12-01,480,673.5688888933464,21.490108440552692,14475.068464500602,7.237534232250301,0.0005,1,,,,
71,SELL,2025-12-01,2025-12-02,481,675.9786447634355,21.490108440552692,14526.854379464074,7.263427189732037,0.0005,0,0.0025745177283751364,2025-12-01,673.5688888933464,1.0
72,BUY,2025-12-09,2025-12-10,487,677.2900422175641,21.42706060961124,14512.3347848819,7.2561673924409495,0.0005,1,,,,
72,SELL,2025-12-15,2025-12-16,491,673.3120730997501,21.42706060961124,14427.098599491339,7.21354929974567,0.0005,0,-0.006866991116380561,2025-12-10,677.2900422175641,6.0
73,BUY,2026-01-06,2026-01-07,505,688.8752073139898,20.92204590586589,14412.678710836177,7.206339355418089,0.0005,1,,,,
73,SELL,2026-01-09,2026-01-12,508,686.6854165598038,20.92204590586589,14366.863808152855,7.183431904076428,0.0005,0,-0.004175114692888449,2026-01-07,688.8752073139898,5.0
74,BUY,2026-01-12,2026-01-13,509,692.1593854003474,20.735836899596677,14352.504124186682,7.176252062093341,0.0005,1,,,,
74,SELL,2026-01-16,2026-01-20,513,677.5485293109934,20.735836899596677,14049.535795354359,7.0247678976771795,0.0005,0,-0.02208749362671747,2026-01-13,692.1593854003474,7.0
75,BUY,2026-01-21,2026-01-22,515,686.5464495552787,20.443617893454967,14035.493280816274,7.017746640408137,0.0005,1,,,,
75,SELL,2026-01-22,2026-01-23,516,684.1700445495419,20.443617893454967,13986.910964918896,6.993455482459448,0.0005,0,-0.004457430576188193,2026-01-22,686.5464495552787,1.0
76,BUY,2026-01-23,2026-01-26,517,687.1833858770846,20.333627574654134,13972.93104391448,6.98646552195724,0.0005,1,,,,
76,SELL,2026-02-04,2026-02-05,525,677.0017507756783,20.333627574654134,13765.901467661457,6.882950733830729,0.0005,0,-0.015801165662079453,2026-01-26,687.1833858770846,10.0
77,BUY,2026-02-06,2026-02-09,527,686.1184215662457,20.043394862233686,13752.142445704776,6.876071222852389,0.0005,1,,,,
77,SELL,2026-02-10,2026-02-11,529,692.3624055409225,20.043394862233686,13877.293082022683,6.938646541011342,0.0005,0,0.008091850331988892,2026-02-09,686.1184215662457,2.0
78,BUY,2026-02-12,2026-02-13,531,678.4254809847648,20.434702281518426,13863.42272411961,6.931711362059805,0.0005,1,,,,
78,SELL,2026-02-20,2026-02-23,536,683.8519244589619,20.434702281518426,13974.310480962315,6.987155240481157,0.0005,0,0.006991089571013909,2026-02-13,678.4254809847648,10.0
79,BUY,2026-02-23,2026-02-24,537,678.6344978488548,20.57122530374812,13960.34315414476,6.9801715770723805,0.0005,1,,,,
79,SELL,2026-02-24,2026-02-25,538,686.188303511512,20.57122530374812,14115.73419233201,7.057867096166005,0.0005,0,0.010120264006038937,2026-02-24,678.6344978488548,1.0
80,BUY,2026-02-26,2026-02-27,540,679.8188144471937,20.743211592263126,14101.625512479604,7.050812756239802,0.0005,1,,,,
80,SELL,2026-03-04,2026-03-05,544,678.1351468961515,20.743211592263126,14066.700840217307,7.033350420108653,0.0005,0,-0.0034736664382175597,2026-02-27,679.8188144471937,6.0
81,BUY,2026-03-05,2026-03-06,545,670.1850712029385,20.96829931467888,14052.641169212591,7.026320584606296,0.0005,1,,,,
81,SELL,2026-03-09,2026-03-10,547,673.8003356526154,20.96829931467888,14128.447116295136,7.064223558147568,0.0005,0,0.0043895350288032375,2026-03-06,670.1850712029385,4.0
82,BUY,2026-03-18,2026-03-19,554,653.8238253567861,21.587353018483206,14114.325729872053,7.057162864936027,0.0005,1,,,,
82,SELL,2026-03-19,2026-03-20,555,654.4956306795711,21.587353018483206,14128.82822853471,7.064414114267356,0.0005,0,2.6974814460345442e-05,2026-03-19,653.8238253567861,1.0
83,BUY,2026-03-25,2026-03-26,559,650.7096256006953,21.69125198994869,14114.706461189848,7.057353230594924,0.0005,1,,,,
83,SELL,2026-03-26,2026-03-27,560,640.5285702163437,21.69125198994869,13893.866623324255,6.946933311662128,0.0005,0,-0.016629942795675312,2026-03-26,650.7096256006953,1.0
84,BUY,2026-04-01,2026-04-02,564,645.0813009952299,21.516636242204687,13879.979700162514,6.939989850081257,0.0005,1,,,,
84,SELL,2026-04-06,2026-04-07,566,654.6351772406913,21.516636242204687,14085.546980039147,7.042773490019574,0.0005,0,0.013796041225349498,2026-04-02,645.0813009952299,5.0
85,BUY,2026-04-08,2026-04-09,568,673.4424764621535,20.894833581385722,14071.468472312969,7.035734236156484,0.0005,1,,,,
85,SELL,2026-04-13,2026-04-14,571,685.5799523672105,20.894833581385722,14325.079011447213,7.162539505723607,0.0005,0,0.01700551861759525,2026-04-09,673.4424764621535,5.0
86,BUY,2026-04-14,2026-04-15,572,693.8201883376189,20.626037310450894,14310.761091395794,7.155380545697898,0.0005,1,,,,
86,SELL,2026-04-20,2026-04-21,576,708.1006661963344,20.626037310450894,14605.310760520726,7.302655380260363,0.0005,0,0.0195623178657216,2026-04-15,693.8201883376189,6.0
87,BUY,2026-04-21,2026-04-22,577,707.6814670061317,20.61762732107786,14590.71274876608,7.29535637438304,0.0005,1,,,,
87,SELL,2026-04-22,2026-04-23,578,707.3230289452622,20.61762732107786,14583.322606409383,7.291661303204692,0.0005,0,-0.001505490329639314,2026-04-22,707.6814670061317,1.0
88,BUY,2026-04-23,2026-04-24,579,709.2781251413053,20.540245152658304,14568.746571820266,7.284373285910133,0.0005,1,,,,
88,SELL,2026-04-24,2026-04-27,580,710.9817459021451,20.540245152658304,14603.739359895075,7.301869679947537,0.0005,0,0.0014000069830943929,2026-04-24,709.2781251413053,3.0
89,BUY,2026-04-27,2026-04-28,581,710.3458723084912,20.538083611781634,14589.142918755751,7.294571459377876,0.0005,1,,,,
89,SELL,2026-04-28,2026-04-29,582,708.8184127137589,20.538083611781634,14557.771825885522,7.278885912942761,0.0005,0,-0.0031476550544164983,2026-04-28,710.3458723084912,1.0
90,BUY,2026-04-30,2026-05-01,584,719.7563499676678,20.205756197859483,14543.221329307922,7.271610664653961,0.0005,1,,,,
90,SELL,2026-05-07,2026-05-08,589,732.6749983948182,20.205756197859483,14804.252389832784,7.402126194916392,0.0005,0,0.016931201209583024,2026-05-01,719.7563499676678,7.0
91,BUY,2026-05-11,2026-05-12,591,735.3639770701308,20.11174873536059,14789.455535869936,7.3947277679349686,0.0005,1,,,,
91,SELL,2026-05-12,2026-05-13,592,736.2040813092822,20.11174873536059,14806.35150123926,7.4031757506196305,0.0005,0,0.00014179111185064208,2026-05-12,735.3639770701308,1.0
92,BUY,2026-05-14,2026-05-15,594,740.2538346712803,19.98173039628011,14791.552549214033,7.395776274607017,0.0005,1,,,,
92,SELL,2026-05-18,2026-05-19,596,732.5255091610042,19.98173039628011,14637.127232453,7.3185636162265,0.0005,0,-0.011429167325393896,2026-05-15,740.2538346712803,4.0
93,BUY,2026-05-19,2026-05-20,597,734.1864432065172,19.916599598684755,14622.497420126709,7.311248710063355,0.0005,1,,,,
93,SELL,2026-05-20,2026-05-21,598,736.3736192903425,19.916599598684755,14666.058530440076,7.333029265220038,0.0005,0,0.001976569413356666,2026-05-20,734.1864432065172,1.0
94,BUY,2026-05-26,2026-05-27,601,749.3249951797103,19.552797378339662,14651.39980127422,7.32569990063711,0.0005,1,,,,
94,SELL,2026-06-01,2026-06-02,605,754.7072313813256,19.552797378339662,14756.63757516677,7.378318787583384,0.0005,0,0.006176100043422839,2026-05-27,749.3249951797103,6.0
95,BUY,2026-06-02,2026-06-03,606,756.5799676928772,19.484904361368624,14741.888312223075,7.370944156111538,0.0005,1,,,,
95,SELL,2026-06-03,2026-06-04,607,749.792279875292,19.484904361368624,14609.6308642626,7.304815432131301,0.0005,0,-0.009962073687542428,2026-06-03,756.5799676928772,1.0
96,BUY,2026-06-08,2026-06-09,610,742.0900355850117,19.66746329245277,14595.028534563187,7.297514267281594,0.0005,1,,,,
96,SELL,2026-06-09,2026-06-10,611,731.1397330185545,19.66746329245277,14379.663860796138,7.189831930398069,0.0005,0,-0.015740781242392532,2026-06-09,742.0900355850117,1.0
97,BUY,2026-06-11,2026-06-12,613,739.1760917921378,19.434193749889012,14365.29138317415,7.182645691587075,0.0005,1,,,,
97,SELL,2026-06-12,2026-06-15,614,749.5430379704052,19.434193749889012,14566.764623797271,7.283382311898635,0.0005,0,0.013011483774056476,2026-06-12,739.1760917921378,3.0
98,BUY,2026-06-15,2026-06-16,615,752.9874102053819,19.325960755368687,14552.205138915915,7.276102569457958,0.0005,1,,,,
98,SELL,2026-06-16,2026-06-17,616,748.9847624616033,19.325960755368687,14474.850125702083,7.237425062851042,0.0005,0,-0.006309877345380466,2026-06-16,752.9874102053819,1.0
99,BUY,2026-06-17,2026-06-18,617,748.1338897705077,19.328602416100022,14460.382509384543,7.230191254692271,0.0005,1,,,,
99,SELL,2026-06-18,2026-06-22,618,747.3261622009278,19.328602416100022,14444.77026433161,7.222385132165805,0.0005,0,-0.0020780775696643827,2026-06-18,748.1338897705077,4.0
100,BUY,2026-06-23,2026-06-24,620,735.5375679016113,19.618756869225322,14430.332712843023,7.215166356421512,0.0005,1,,,,
100,SELL,2026-06-29,2026-06-30,624,740.9193330383301,19.618756869225322,14535.916254587584,7.2679581272937925,0.0005,0,0.006309964685353275,2026-06-24,735.5375679016113,6.0
101,BUY,2026-07-22,2026-07-23,640,739.7396801147461,19.6304024145446,14521.387602658962,7.260693801329482,0.0005,1,,,,
101,SELL,2026-07-24,2026-07-27,642,744.537518157959,19.6304024145446,14615.571094167042,7.307785547083522,0.0005,0,0.005479863682780861,2026-07-23,739.7396801147461,4.0
102,BUY,2026-07-30,2026-07-31,646,745.0523326721191,19.597231210377156,14600.962827206356,7.300481413603179,0.0005,1,,,,
102,SELL,2026-07-31,2026-08-03,647,749.0652824401856,19.597231210377156,14679.605531646785,7.339802765823393,0.0005,0,0.004381247716368497,2026-07-31,745.0523326721191,3.0
